{
  "type" : "FeatureCollection", 
  "features" : [
    {
      "type" : "Feature", 
      "id" : 43392768, 
      "geometry" : 
      {
        "type" : "Point", 
        "coordinates" : [
          -117.0463850602, 32.7439796806
        ]
      }, 
      "properties" : {
        "OBJECTID" : 43392768, 
        "UtilityCompany" : "SDGE", 
        "StartDate" : 1791573900000, 
        "EstimatedRestoreDate" : 1791585000000, 
        "Cause" : "The cause of the outage is unknown and still under investigation.", 
        "ImpactedCustomers" : 119, 
        "County" : "SAN DIEGO", 
        "OutageStatus" : "Active", 
        "OutageType" : "Not Planned", 
        "GlobalID" : "fdbaebc1-47e7-43bc-86bf-3e87543e6dca", 
        "OutageTypeColor" : "#ffaa00", 
        "OutageStatusColor" : null, 
        "IncidentId" : "1315137"
      }
    }, 
    {
      "type" : "Feature", 
      "id" : 43392769, 
      "geometry" : 
      {
        "type" : "Point", 
        "coordinates" : [
          -117.0996618087, 32.631705158
        ]
      }, 
      "properties" : {
        "OBJECTID" : 43392769, 
        "UtilityCompany" : "SDGE", 
        "StartDate" : 1791574200000, 
        "EstimatedRestoreDate" : 1791586800000, 
        "Cause" : "The cause of the outage is unknown and still under investigation.", 
        "ImpactedCustomers" : 2, 
        "County" : "SAN DIEGO", 
        "OutageStatus" : "Active", 
        "OutageType" : "Not Planned", 
        "GlobalID" : "c7e79110-ff57-4bca-aaf9-eaaaaf870996", 
        "OutageTypeColor" : "#ffaa00", 
        "OutageStatusColor" : null, 
        "IncidentId" : "1315139"
      }
    }, 
    {
      "type" : "Feature", 
      "id" : 43392770, 
      "geometry" : 
      {
        "type" : "Point", 
        "coordinates" : [
          -116.7001795074, 32.6670741425
        ]
      }, 
      "properties" : {
        "OBJECTID" : 43392770, 
        "UtilityCompany" : "SDGE", 
        "StartDate" : 1791562380000, 
        "EstimatedRestoreDate" : 1791583200000, 
        "Cause" : "Upgrading the electric system in your area requires us to turn off the power. Our crews are working to safely restore your electric service by the estimated restoration time.", 
        "ImpactedCustomers" : 1, 
        "County" : "SAN DIEGO", 
        "OutageStatus" : "Active", 
        "OutageType" : "Planned", 
        "GlobalID" : "471cfabe-a6ec-4c9e-b93b-d55644610198", 
        "OutageTypeColor" : "#a8a800", 
        "OutageStatusColor" : null, 
        "IncidentId" : "1315058"
      }
    }, 
    {
      "type" : "Feature", 
      "id" : 43392771, 
      "geometry" : 
      {
        "type" : "Point", 
        "coordinates" : [
          -117.1262145755, 32.7550134082
        ]
      }, 
      "properties" : {
        "OBJECTID" : 43392771, 
        "UtilityCompany" : "SDGE", 
        "StartDate" : 1791561360000, 
        "EstimatedRestoreDate" : 1791577800000, 
        "Cause" : "Upgrading the electric system in your area requires us to turn off the power. Our crews are working to safely restore your electric service by the estimated restoration time.", 
        "ImpactedCustomers" : 38, 
        "County" : "SAN DIEGO", 
        "OutageStatus" : "Active", 
        "OutageType" : "Planned", 
        "GlobalID" : "8d4ee41c-3a19-409a-8108-7c830b9ccddc", 
        "OutageTypeColor" : "#a8a800", 
        "OutageStatusColor" : null, 
        "IncidentId" : "1315048"
      }
    }, 
    {
      "type" : "Feature", 
      "id" : 43392772, 
      "geometry" : 
      {
        "type" : "Point", 
        "coordinates" : [
          -117.172106544, 32.7805145654
        ]
      }, 
      "properties" : {
        "OBJECTID" : 43392772, 
        "UtilityCompany" : "SDGE", 
        "StartDate" : 1791561960000, 
        "EstimatedRestoreDate" : 1791581400000, 
        "Cause" : "Upgrading the electric system in your area requires us to turn off the power. Our crews are working to safely restore your electric service by the estimated restoration time.", 
        "ImpactedCustomers" : 24, 
        "County" : "SAN DIEGO", 
        "OutageStatus" : "Active", 
        "OutageType" : "Planned", 
        "GlobalID" : "fa63d610-0cf4-493e-abb7-838c086db9f1", 
        "OutageTypeColor" : "#a8a800", 
        "OutageStatusColor" : null, 
        "IncidentId" : "1315052"
      }
    }, 
    {
      "type" : "Feature", 
      "id" : 43392773, 
      "geometry" : 
      {
        "type" : "Point", 
        "coordinates" : [
          -116.7001795074, 32.6670741425
        ]
      }, 
      "properties" : {
        "OBJECTID" : 43392773, 
        "UtilityCompany" : "SDGE", 
        "StartDate" : 1791558000000, 
        "EstimatedRestoreDate" : 1791583200000, 
        "Cause" : "The start time for today's planned outage has been delayed, however the outage will still occur today.", 
        "ImpactedCustomers" : 0, 
        "County" : "SAN DIEGO", 
        "OutageStatus" : "Active", 
        "OutageType" : "Planned", 
        "GlobalID" : "ef8ef210-5d14-44b3-86dd-85975be5843c", 
        "OutageTypeColor" : "#a8a800", 
        "OutageStatusColor" : null, 
        "IncidentId" : "1308744"
      }
    }, 
    {
      "type" : "Feature", 
      "id" : 43392774, 
      "geometry" : 
      {
        "type" : "Point", 
        "coordinates" : [
          -117.0498638381, 32.7044143619
        ]
      }, 
      "properties" : {
        "OBJECTID" : 43392774, 
        "UtilityCompany" : "SDGE", 
        "StartDate" : 1791559800000, 
        "EstimatedRestoreDate" : 1791585000000, 
        "Cause" : "The start time for today's planned outage has been delayed, however the outage will still occur today.", 
        "ImpactedCustomers" : 0, 
        "County" : "SAN DIEGO", 
        "OutageStatus" : "Active", 
        "OutageType" : "Planned", 
        "GlobalID" : "7df50f6a-c378-4292-87bf-247e89f9538c", 
        "OutageTypeColor" : "#a8a800", 
        "OutageStatusColor" : null, 
        "IncidentId" : "1309503"
      }
    }, 
    {
      "type" : "Feature", 
      "id" : 43392775, 
      "geometry" : 
      {
        "type" : "Point", 
        "coordinates" : [
          -117.1262145755, 32.7550134082
        ]
      }, 
      "properties" : {
        "OBJECTID" : 43392775, 
        "UtilityCompany" : "SDGE", 
        "StartDate" : 1791559800000, 
        "EstimatedRestoreDate" : 1791577800000, 
        "Cause" : "The start time for today's planned outage has been delayed, however the outage will still occur today.", 
        "ImpactedCustomers" : 0, 
        "County" : "SAN DIEGO", 
        "OutageStatus" : "Active", 
        "OutageType" : "Planned", 
        "GlobalID" : "8853cd46-de5f-41ee-a1b6-2f31b96fd8d4", 
        "OutageTypeColor" : "#a8a800", 
        "OutageStatusColor" : null, 
        "IncidentId" : "1309306"
      }
    }, 
    {
      "type" : "Feature", 
      "id" : 43392776, 
      "geometry" : 
      {
        "type" : "Point", 
        "coordinates" : [
          -117.172106544, 32.7805145654
        ]
      }, 
      "properties" : {
        "OBJECTID" : 43392776, 
        "UtilityCompany" : "SDGE", 
        "StartDate" : 1791559800000, 
        "EstimatedRestoreDate" : 1791581400000, 
        "Cause" : "The start time for today's planned outage has been delayed, however the outage will still occur today.", 
        "ImpactedCustomers" : 0, 
        "County" : "SAN DIEGO", 
        "OutageStatus" : "Active", 
        "OutageType" : "Planned", 
        "GlobalID" : "23806d51-eb31-45e7-aeaf-697642f6f6fb", 
        "OutageTypeColor" : "#a8a800", 
        "OutageStatusColor" : null, 
        "IncidentId" : "1307187"
      }
    }, 
    {
      "type" : "Feature", 
      "id" : 43392777, 
      "geometry" : 
      {
        "type" : "Point", 
        "coordinates" : [
          -121.217872366457, 38.6709937098635
        ]
      }, 
      "properties" : {
        "OBJECTID" : 43392777, 
        "UtilityCompany" : "SMUD", 
        "StartDate" : 1791563640000, 
        "EstimatedRestoreDate" : 1791586800000, 
        "Cause" : "Planned maintenance", 
        "ImpactedCustomers" : 14, 
        "County" : "SACRAMENTO", 
        "OutageStatus" : "Active", 
        "OutageType" : "Planned maintenance", 
        "GlobalID" : "1a5e251c-1493-4a18-8077-0195d2ba21fd", 
        "OutageTypeColor" : "#ffaa00", 
        "OutageStatusColor" : null, 
        "IncidentId" : "J26100900038"
      }
    }, 
    {
      "type" : "Feature", 
      "id" : 43392778, 
      "geometry" : 
      {
        "type" : "Point", 
        "coordinates" : [
          -121.202438814841, 38.6804914958858
        ]
      }, 
      "properties" : {
        "OBJECTID" : 43392778, 
        "UtilityCompany" : "SMUD", 
        "StartDate" : 1791559920000, 
        "EstimatedRestoreDate" : 1791586800000, 
        "Cause" : "Planned maintenance", 
        "ImpactedCustomers" : 7, 
        "County" : "SACRAMENTO", 
        "OutageStatus" : "Active", 
        "OutageType" : "Planned maintenance", 
        "GlobalID" : "ac1ed854-4477-4a5c-b971-4ba9676a9b78", 
        "OutageTypeColor" : "#ffaa00", 
        "OutageStatusColor" : null, 
        "IncidentId" : "J26100900026"
      }
    }, 
    {
      "type" : "Feature", 
      "id" : 43392779, 
      "geometry" : 
      {
        "type" : "Point", 
        "coordinates" : [
          -121.529786125238, 38.6541646769462
        ]
      }, 
      "properties" : {
        "OBJECTID" : 43392779, 
        "UtilityCompany" : "SMUD", 
        "StartDate" : 1791568680000, 
        "EstimatedRestoreDate" : null, 
        "Cause" : "Not yet known", 
        "ImpactedCustomers" : 1, 
        "County" : "SACRAMENTO", 
        "OutageStatus" : "Active", 
        "OutageType" : "Unplanned", 
        "GlobalID" : "cf86a8eb-afcc-4bc5-a7a7-2b1bb39e1a07", 
        "OutageTypeColor" : "#ffaa00", 
        "OutageStatusColor" : null, 
        "IncidentId" : "J26100900055"
      }
    }, 
    {
      "type" : "Feature", 
      "id" : 43392780, 
      "geometry" : 
      {
        "type" : "Point", 
        "coordinates" : [
          -121.447554775255, 38.4870332915715
        ]
      }, 
      "properties" : {
        "OBJECTID" : 43392780, 
        "UtilityCompany" : "SMUD", 
        "StartDate" : 1791558600000, 
        "EstimatedRestoreDate" : 1791576000000, 
        "Cause" : "Planned maintenance", 
        "ImpactedCustomers" : 1, 
        "County" : "SACRAMENTO", 
        "OutageStatus" : "Active", 
        "OutageType" : "Planned maintenance", 
        "GlobalID" : "f8e88fbb-8f3c-4b2d-a07e-262df517eed4", 
        "OutageTypeColor" : "#ffaa00", 
        "OutageStatusColor" : null, 
        "IncidentId" : "J26100900019"
      }
    }, 
    {
      "type" : "Feature", 
      "id" : 43392781, 
      "geometry" : 
      {
        "type" : "Point", 
        "coordinates" : [
          -119.148981381236, 36.0827161900389
        ]
      }, 
      "properties" : {
        "OBJECTID" : 43392781, 
        "UtilityCompany" : "SCE", 
        "StartDate" : 1791533123000, 
        "EstimatedRestoreDate" : 1791586800000, 
        "Cause" : "Upgrading Equipment", 
        "ImpactedCustomers" : 28, 
        "County" : "TULARE", 
        "OutageStatus" : "Active", 
        "OutageType" : "Planned", 
        "GlobalID" : "bbba1f68-f2d2-4314-9e5e-190de7d46d6d", 
        "OutageTypeColor" : "#a8a800", 
        "OutageStatusColor" : null, 
        "IncidentId" : "SCE 136657490"
      }
    }, 
    {
      "type" : "Feature", 
      "id" : 43392782, 
      "geometry" : 
      {
        "type" : "Point", 
        "coordinates" : [
          -119.017566031854, 36.0756066022374
        ]
      }, 
      "properties" : {
        "OBJECTID" : 43392782, 
        "UtilityCompany" : "SCE", 
        "StartDate" : 1791548222000, 
        "EstimatedRestoreDate" : 1791595800000, 
        "Cause" : "Analyzing Problem", 
        "ImpactedCustomers" : 5, 
        "County" : "TULARE", 
        "OutageStatus" : "Active", 
        "OutageType" : "Not Planned", 
        "GlobalID" : "8142ccfc-73c9-454f-a160-5e057c212ee6", 
        "OutageTypeColor" : "#ffaa00", 
        "OutageStatusColor" : null, 
        "IncidentId" : "SCE 136724306"
      }
    }, 
    {
      "type" : "Feature", 
      "id" : 43392783, 
      "geometry" : 
      {
        "type" : "Point", 
        "coordinates" : [
          -117.284608847855, 34.1510591858971
        ]
      }, 
      "properties" : {
        "OBJECTID" : 43392783, 
        "UtilityCompany" : "SCE", 
        "StartDate" : 1791532800000, 
        "EstimatedRestoreDate" : 1791586800000, 
        "Cause" : "Pole Upgrade", 
        "ImpactedCustomers" : 35, 
        "County" : "SAN BERNARDINO", 
        "OutageStatus" : "Active", 
        "OutageType" : "Planned", 
        "GlobalID" : "ecc01b6f-d9eb-408c-8220-dd37469a3ddf", 
        "OutageTypeColor" : "#a8a800", 
        "OutageStatusColor" : null, 
        "IncidentId" : "SCE 136657120"
      }
    }, 
    {
      "type" : "Feature", 
      "id" : 43392784, 
      "geometry" : 
      {
        "type" : "Point", 
        "coordinates" : [
          -117.70195150207, 33.6066433694954
        ]
      }, 
      "properties" : {
        "OBJECTID" : 43392784, 
        "UtilityCompany" : "SCE", 
        "StartDate" : 1791537315000, 
        "EstimatedRestoreDate" : 1791583200000, 
        "Cause" : "Upgrading Equipment", 
        "ImpactedCustomers" : 189, 
        "County" : "ORANGE", 
        "OutageStatus" : "Active", 
        "OutageType" : "Planned", 
        "GlobalID" : "dc72395c-4ebf-4e50-b012-2688cda2dbef", 
        "OutageTypeColor" : "#a8a800", 
        "OutageStatusColor" : null, 
        "IncidentId" : "SCE 136674662"
      }
    }, 
    {
      "type" : "Feature", 
      "id" : 43392785, 
      "geometry" : 
      {
        "type" : "Point", 
        "coordinates" : [
          -119.116453514004, 37.7672690480897
        ]
      }, 
      "properties" : {
        "OBJECTID" : 43392785, 
        "UtilityCompany" : "SCE", 
        "StartDate" : 1791537817000, 
        "EstimatedRestoreDate" : 1791597600000, 
        "Cause" : "Upgrading Equipment", 
        "ImpactedCustomers" : 47, 
        "County" : "MONO", 
        "OutageStatus" : "Active", 
        "OutageType" : "Planned", 
        "GlobalID" : "d602a140-8265-4333-8946-cde66dec3b67", 
        "OutageTypeColor" : "#a8a800", 
        "OutageStatusColor" : null, 
        "IncidentId" : "SCE 136657711"
      }
    }, 
    {
      "type" : "Feature", 
      "id" : 43392786, 
      "geometry" : 
      {
        "type" : "Point", 
        "coordinates" : [
          -117.038936084303, 33.982998962071
        ]
      }, 
      "properties" : {
        "OBJECTID" : 43392786, 
        "UtilityCompany" : "SCE", 
        "StartDate" : 1791534600000, 
        "EstimatedRestoreDate" : 1791590400000, 
        "Cause" : "Pole Upgrade", 
        "ImpactedCustomers" : 295, 
        "County" : "RIVERSIDE", 
        "OutageStatus" : "Active", 
        "OutageType" : "Planned", 
        "GlobalID" : "e63ca4de-8d52-4776-acac-7fe5cd4d96f2", 
        "OutageTypeColor" : "#a8a800", 
        "OutageStatusColor" : null, 
        "IncidentId" : "SCE 136657133"
      }
    }, 
    {
      "type" : "Feature", 
      "id" : 43392787, 
      "geometry" : 
      {
        "type" : "Point", 
        "coordinates" : [
          -117.990265013066, 33.941232166782
        ]
      }, 
      "properties" : {
        "OBJECTID" : 43392787, 
        "UtilityCompany" : "SCE", 
        "StartDate" : 1791541202000, 
        "EstimatedRestoreDate" : 1791583200000, 
        "Cause" : "Equipment Problems", 
        "ImpactedCustomers" : 32, 
        "County" : "LOS ANGELES", 
        "OutageStatus" : "Active", 
        "OutageType" : "Not Planned", 
        "GlobalID" : "ed98eb5e-e272-47da-a03f-aa5682284d8a", 
        "OutageTypeColor" : "#ffaa00", 
        "OutageStatusColor" : null, 
        "IncidentId" : "SCE 136723656"
      }
    }, 
    {
      "type" : "Feature", 
      "id" : 43392788, 
      "geometry" : 
      {
        "type" : "Point", 
        "coordinates" : [
          -117.37284207978, 33.8976412490485
        ]
      }, 
      "properties" : {
        "OBJECTID" : 43392788, 
        "UtilityCompany" : "SCE", 
        "StartDate" : 1791542077000, 
        "EstimatedRestoreDate" : 1791585000000, 
        "Cause" : "Equipment Problems", 
        "ImpactedCustomers" : 6, 
        "County" : "RIVERSIDE", 
        "OutageStatus" : "Active", 
        "OutageType" : "Not Planned", 
        "GlobalID" : "239d6293-c68e-40b6-9993-6d2c08a4cf2f", 
        "OutageTypeColor" : "#ffaa00", 
        "OutageStatusColor" : null, 
        "IncidentId" : "SCE 136723727"
      }
    }, 
    {
      "type" : "Feature", 
      "id" : 43392789, 
      "geometry" : 
      {
        "type" : "Point", 
        "coordinates" : [
          -117.613757359708, 33.8650906625238
        ]
      }, 
      "properties" : {
        "OBJECTID" : 43392789, 
        "UtilityCompany" : "SCE", 
        "StartDate" : 1791534666000, 
        "EstimatedRestoreDate" : 1791579600000, 
        "Cause" : "Pole Upgrade", 
        "ImpactedCustomers" : 69, 
        "County" : "RIVERSIDE", 
        "OutageStatus" : "Active", 
        "OutageType" : "Planned", 
        "GlobalID" : "754a1e89-f0d9-4880-8017-53ffaaa73379", 
        "OutageTypeColor" : "#a8a800", 
        "OutageStatusColor" : null, 
        "IncidentId" : "SCE 136663011"
      }
    }, 
    {
      "type" : "Feature", 
      "id" : 43392790, 
      "geometry" : 
      {
        "type" : "Point", 
        "coordinates" : [
          -117.97709445168, 33.6637392063645
        ]
      }, 
      "properties" : {
        "OBJECTID" : 43392790, 
        "UtilityCompany" : "SCE", 
        "StartDate" : 1791539134000, 
        "EstimatedRestoreDate" : 1791583200000, 
        "Cause" : "Upgrading Equipment", 
        "ImpactedCustomers" : 130, 
        "County" : "ORANGE", 
        "OutageStatus" : "Active", 
        "OutageType" : "Planned", 
        "GlobalID" : "ce8b516f-7e79-435d-8bbe-1b56ded99df7", 
        "OutageTypeColor" : "#a8a800", 
        "OutageStatusColor" : null, 
        "IncidentId" : "SCE 136653562"
      }
    }, 
    {
      "type" : "Feature", 
      "id" : 43392791, 
      "geometry" : 
      {
        "type" : "Point", 
        "coordinates" : [
          -117.985377379871, 33.658199242474
        ]
      }, 
      "properties" : {
        "OBJECTID" : 43392791, 
        "UtilityCompany" : "SCE", 
        "StartDate" : 1791536400000, 
        "EstimatedRestoreDate" : 1791590400000, 
        "Cause" : "Upgrading Equipment", 
        "ImpactedCustomers" : 14, 
        "County" : "ORANGE", 
        "OutageStatus" : "Active", 
        "OutageType" : "Planned", 
        "GlobalID" : "069085d2-a1a0-4bb5-ae22-33edda066818", 
        "OutageTypeColor" : "#a8a800", 
        "OutageStatusColor" : null, 
        "IncidentId" : "SCE 136653505"
      }
    }, 
    {
      "type" : "Feature", 
      "id" : 43392792, 
      "geometry" : 
      {
        "type" : "Point", 
        "coordinates" : [
          -117.503424247857, 34.039357592213
        ]
      }, 
      "properties" : {
        "OBJECTID" : 43392792, 
        "UtilityCompany" : "SCE", 
        "StartDate" : 1791535071000, 
        "EstimatedRestoreDate" : 1791586800000, 
        "Cause" : "Transformer Upgrade", 
        "ImpactedCustomers" : 44, 
        "County" : "SAN BERNARDINO", 
        "OutageStatus" : "Active", 
        "OutageType" : "Planned", 
        "GlobalID" : "17845521-7ac7-4767-9083-89fcbe7b467f", 
        "OutageTypeColor" : "#a8a800", 
        "OutageStatusColor" : null, 
        "IncidentId" : "SCE 136663677"
      }
    }, 
    {
      "type" : "Feature", 
      "id" : 43392793, 
      "geometry" : 
      {
        "type" : "Point", 
        "coordinates" : [
          -119.278295318316, 36.3918929284397
        ]
      }, 
      "properties" : {
        "OBJECTID" : 43392793, 
        "UtilityCompany" : "SCE", 
        "StartDate" : 1791547505000, 
        "EstimatedRestoreDate" : 1791586800000, 
        "Cause" : "Upgrading Equipment", 
        "ImpactedCustomers" : 1, 
        "County" : "TULARE", 
        "OutageStatus" : "Active", 
        "OutageType" : "Planned", 
        "GlobalID" : "5e8b923e-9562-40d5-91a7-4e98c02faf9b", 
        "OutageTypeColor" : "#a8a800", 
        "OutageStatusColor" : null, 
        "IncidentId" : "SCE 136657015"
      }
    }, 
    {
      "type" : "Feature", 
      "id" : 43392794, 
      "geometry" : 
      {
        "type" : "Point", 
        "coordinates" : [
          -118.145519381202, 33.8477423866306
        ]
      }, 
      "properties" : {
        "OBJECTID" : 43392794, 
        "UtilityCompany" : "SCE", 
        "StartDate" : 1791536400000, 
        "EstimatedRestoreDate" : 1791586800000, 
        "Cause" : "Pole Upgrade", 
        "ImpactedCustomers" : 95, 
        "County" : "LOS ANGELES", 
        "OutageStatus" : "Active", 
        "OutageType" : "Planned", 
        "GlobalID" : "23bfb6a3-5f0e-493a-b2fc-ad54e34df59c", 
        "OutageTypeColor" : "#a8a800", 
        "OutageStatusColor" : null, 
        "IncidentId" : "SCE 136654089"
      }
    }, 
    {
      "type" : "Feature", 
      "id" : 43392795, 
      "geometry" : 
      {
        "type" : "Point", 
        "coordinates" : [
          -117.856432410556, 33.7852349297797
        ]
      }, 
      "properties" : {
        "OBJECTID" : 43392795, 
        "UtilityCompany" : "SCE", 
        "StartDate" : 1791532800000, 
        "EstimatedRestoreDate" : 1791576000000, 
        "Cause" : "Upgrading Equipment", 
        "ImpactedCustomers" : 28, 
        "County" : "ORANGE", 
        "OutageStatus" : "Active", 
        "OutageType" : "Planned", 
        "GlobalID" : "13159526-caba-4594-b9da-37681c908ae7", 
        "OutageTypeColor" : "#a8a800", 
        "OutageStatusColor" : null, 
        "IncidentId" : "SCE 136674647"
      }
    }, 
    {
      "type" : "Feature", 
      "id" : 43392796, 
      "geometry" : 
      {
        "type" : "Point", 
        "coordinates" : [
          -119.621069431107, 36.3148196654099
        ]
      }, 
      "properties" : {
        "OBJECTID" : 43392796, 
        "UtilityCompany" : "SCE", 
        "StartDate" : 1791536400000, 
        "EstimatedRestoreDate" : 1791583200000, 
        "Cause" : "Upgrading Equipment", 
        "ImpactedCustomers" : 5, 
        "County" : "KINGS", 
        "OutageStatus" : "Active", 
        "OutageType" : "Planned", 
        "GlobalID" : "b85c1a3f-bfef-4b05-9021-a4ab860ef20d", 
        "OutageTypeColor" : "#a8a800", 
        "OutageStatusColor" : null, 
        "IncidentId" : "SCE 136656975"
      }
    }, 
    {
      "type" : "Feature", 
      "id" : 43392797, 
      "geometry" : 
      {
        "type" : "Point", 
        "coordinates" : [
          -117.932267980169, 33.6835578646318
        ]
      }, 
      "properties" : {
        "OBJECTID" : 43392797, 
        "UtilityCompany" : "SCE", 
        "StartDate" : 1791536400000, 
        "EstimatedRestoreDate" : 1791585000000, 
        "Cause" : "Upgrading Equipment", 
        "ImpactedCustomers" : 90, 
        "County" : "ORANGE", 
        "OutageStatus" : "Active", 
        "OutageType" : "Planned", 
        "GlobalID" : "6a38f1ea-0861-479d-b018-897b512ebd55", 
        "OutageTypeColor" : "#a8a800", 
        "OutageStatusColor" : null, 
        "IncidentId" : "SCE 136653521"
      }
    }, 
    {
      "type" : "Feature", 
      "id" : 43392798, 
      "geometry" : 
      {
        "type" : "Point", 
        "coordinates" : [
          -117.38803658167, 33.8772403182047
        ]
      }, 
      "properties" : {
        "OBJECTID" : 43392798, 
        "UtilityCompany" : "SCE", 
        "StartDate" : 1791540055000, 
        "EstimatedRestoreDate" : 1791583200000, 
        "Cause" : "Upgrading Equipment", 
        "ImpactedCustomers" : 139, 
        "County" : "RIVERSIDE", 
        "OutageStatus" : "Active", 
        "OutageType" : "Planned", 
        "GlobalID" : "6e0e4034-e880-4a8e-88f8-73f5fe7389ea", 
        "OutageTypeColor" : "#a8a800", 
        "OutageStatusColor" : null, 
        "IncidentId" : "SCE 136654052"
      }
    }, 
    {
      "type" : "Feature", 
      "id" : 43392799, 
      "geometry" : 
      {
        "type" : "Point", 
        "coordinates" : [
          -117.557196035238, 34.0351792364642
        ]
      }, 
      "properties" : {
        "OBJECTID" : 43392799, 
        "UtilityCompany" : "SCE", 
        "StartDate" : 1791503789000, 
        "EstimatedRestoreDate" : 1791594000000, 
        "Cause" : "Traffic Accident", 
        "ImpactedCustomers" : 2, 
        "County" : "SAN BERNARDINO", 
        "OutageStatus" : "Active", 
        "OutageType" : "Not Planned", 
        "GlobalID" : "30ab88a6-b42f-4e3f-a55b-fc3ab68af108", 
        "OutageTypeColor" : "#ffaa00", 
        "OutageStatusColor" : null, 
        "IncidentId" : "SCE 136721248"
      }
    }, 
    {
      "type" : "Feature", 
      "id" : 43392800, 
      "geometry" : 
      {
        "type" : "Point", 
        "coordinates" : [
          -119.132217311892, 34.2443989831909
        ]
      }, 
      "properties" : {
        "OBJECTID" : 43392800, 
        "UtilityCompany" : "SCE", 
        "StartDate" : 1791532800000, 
        "EstimatedRestoreDate" : 1791583200000, 
        "Cause" : "Upgrading Equipment", 
        "ImpactedCustomers" : 48, 
        "County" : "VENTURA", 
        "OutageStatus" : "Active", 
        "OutageType" : "Planned", 
        "GlobalID" : "34d220ce-16f8-462d-bacc-6f10fd50a557", 
        "OutageTypeColor" : "#a8a800", 
        "OutageStatusColor" : null, 
        "IncidentId" : "SCE 136653769"
      }
    }, 
    {
      "type" : "Feature", 
      "id" : 43392801, 
      "geometry" : 
      {
        "type" : "Point", 
        "coordinates" : [
          -118.380552556413, 33.7863625328662
        ]
      }, 
      "properties" : {
        "OBJECTID" : 43392801, 
        "UtilityCompany" : "SCE", 
        "StartDate" : 1791543100000, 
        "EstimatedRestoreDate" : 1791581400000, 
        "Cause" : "Equipment Problems", 
        "ImpactedCustomers" : 2, 
        "County" : "LOS ANGELES", 
        "OutageStatus" : "Active", 
        "OutageType" : "Not Planned", 
        "GlobalID" : "841e8300-f57d-4246-99d1-09653666222c", 
        "OutageTypeColor" : "#ffaa00", 
        "OutageStatusColor" : null, 
        "IncidentId" : "SCE 136723763"
      }
    }, 
    {
      "type" : "Feature", 
      "id" : 43392802, 
      "geometry" : 
      {
        "type" : "Point", 
        "coordinates" : [
          -119.67758587099, 36.3337308055481
        ]
      }, 
      "properties" : {
        "OBJECTID" : 43392802, 
        "UtilityCompany" : "SCE", 
        "StartDate" : 1791547505000, 
        "EstimatedRestoreDate" : 1791581400000, 
        "Cause" : "Upgrading Equipment", 
        "ImpactedCustomers" : 55, 
        "County" : "KINGS", 
        "OutageStatus" : "Active", 
        "OutageType" : "Planned", 
        "GlobalID" : "0f9826e8-d4ff-4e00-af5b-1a7f4c12037b", 
        "OutageTypeColor" : "#a8a800", 
        "OutageStatusColor" : null, 
        "IncidentId" : "SCE 136657749"
      }
    }, 
    {
      "type" : "Feature", 
      "id" : 43392803, 
      "geometry" : 
      {
        "type" : "Point", 
        "coordinates" : [
          -117.534771626849, 33.7104901770334
        ]
      }, 
      "properties" : {
        "OBJECTID" : 43392803, 
        "UtilityCompany" : "SCE", 
        "StartDate" : 1791535500000, 
        "EstimatedRestoreDate" : 1791601200000, 
        "Cause" : "Upgrading Equipment", 
        "ImpactedCustomers" : 20, 
        "County" : "ORANGE", 
        "OutageStatus" : "Active", 
        "OutageType" : "Planned", 
        "GlobalID" : "b69434be-8147-4ebc-9906-25e69804d291", 
        "OutageTypeColor" : "#a8a800", 
        "OutageStatusColor" : null, 
        "IncidentId" : "SCE 136663120"
      }
    }, 
    {
      "type" : "Feature", 
      "id" : 43392804, 
      "geometry" : 
      {
        "type" : "Point", 
        "coordinates" : [
          -119.044331214126, 34.3701458568732
        ]
      }, 
      "properties" : {
        "OBJECTID" : 43392804, 
        "UtilityCompany" : "SCE", 
        "StartDate" : 1791540000000, 
        "EstimatedRestoreDate" : 1791583200000, 
        "Cause" : "Upgrading Equipment", 
        "ImpactedCustomers" : 40, 
        "County" : "VENTURA", 
        "OutageStatus" : "Active", 
        "OutageType" : "Planned", 
        "GlobalID" : "63ee9ba2-3d44-42cf-b9f0-9965cff26731", 
        "OutageTypeColor" : "#a8a800", 
        "OutageStatusColor" : null, 
        "IncidentId" : "SCE 136653982"
      }
    }, 
    {
      "type" : "Feature", 
      "id" : 43392805, 
      "geometry" : 
      {
        "type" : "Point", 
        "coordinates" : [
          -118.873856532625, 34.2007514360751
        ]
      }, 
      "properties" : {
        "OBJECTID" : 43392805, 
        "UtilityCompany" : "SCE", 
        "StartDate" : 1791522060000, 
        "EstimatedRestoreDate" : null, 
        "Cause" : "Equipment Problems", 
        "ImpactedCustomers" : 2, 
        "County" : "VENTURA", 
        "OutageStatus" : "Active", 
        "OutageType" : "Not Planned", 
        "GlobalID" : "f80e13ec-8d3b-4584-a752-408310d64eea", 
        "OutageTypeColor" : "#ffaa00", 
        "OutageStatusColor" : null, 
        "IncidentId" : "SCE 136722151"
      }
    }, 
    {
      "type" : "Feature", 
      "id" : 43392806, 
      "geometry" : 
      {
        "type" : "Point", 
        "coordinates" : [
          -119.472253377404, 34.4079604815445
        ]
      }, 
      "properties" : {
        "OBJECTID" : 43392806, 
        "UtilityCompany" : "SCE", 
        "StartDate" : 1791535944000, 
        "EstimatedRestoreDate" : 1791586800000, 
        "Cause" : "Pole Upgrade", 
        "ImpactedCustomers" : 14, 
        "County" : "SANTA BARBARA", 
        "OutageStatus" : "Active", 
        "OutageType" : "Planned", 
        "GlobalID" : "803890cd-024c-439b-a73f-c7d8fe6b789f", 
        "OutageTypeColor" : "#a8a800", 
        "OutageStatusColor" : null, 
        "IncidentId" : "SCE 136653716"
      }
    }, 
    {
      "type" : "Feature", 
      "id" : 43392807, 
      "geometry" : 
      {
        "type" : "Point", 
        "coordinates" : [
          -117.614721146542, 33.8649418196556
        ]
      }, 
      "properties" : {
        "OBJECTID" : 43392807, 
        "UtilityCompany" : "SCE", 
        "StartDate" : 1791534665000, 
        "EstimatedRestoreDate" : 1791579600000, 
        "Cause" : "Upgrading Equipment", 
        "ImpactedCustomers" : 49, 
        "County" : "RIVERSIDE", 
        "OutageStatus" : "Active", 
        "OutageType" : "Planned", 
        "GlobalID" : "32565c7c-0f43-44be-9499-687f8a8269f2", 
        "OutageTypeColor" : "#a8a800", 
        "OutageStatusColor" : null, 
        "IncidentId" : "SCE 136657765"
      }
    }, 
    {
      "type" : "Feature", 
      "id" : 43392808, 
      "geometry" : 
      {
        "type" : "Point", 
        "coordinates" : [
          -119.28661245197, 34.4211292270347
        ]
      }, 
      "properties" : {
        "OBJECTID" : 43392808, 
        "UtilityCompany" : "SCE", 
        "StartDate" : 1791539750000, 
        "EstimatedRestoreDate" : 1791579600000, 
        "Cause" : "Pole Upgrade", 
        "ImpactedCustomers" : 57, 
        "County" : "VENTURA", 
        "OutageStatus" : "Active", 
        "OutageType" : "Planned", 
        "GlobalID" : "13af881e-2424-483c-b70b-6d36a5cf3a75", 
        "OutageTypeColor" : "#a8a800", 
        "OutageStatusColor" : null, 
        "IncidentId" : "SCE 136653905"
      }
    }, 
    {
      "type" : "Feature", 
      "id" : 43392809, 
      "geometry" : 
      {
        "type" : "Point", 
        "coordinates" : [
          -118.333818180586, 33.8907511284989
        ]
      }, 
      "properties" : {
        "OBJECTID" : 43392809, 
        "UtilityCompany" : "SCE", 
        "StartDate" : 1791549372000, 
        "EstimatedRestoreDate" : 1791590400000, 
        "Cause" : "Equipment Problems", 
        "ImpactedCustomers" : 18, 
        "County" : "LOS ANGELES", 
        "OutageStatus" : "Active", 
        "OutageType" : "Not Planned", 
        "GlobalID" : "081b52fc-0c8d-4848-99dd-2ae9257313b5", 
        "OutageTypeColor" : "#ffaa00", 
        "OutageStatusColor" : null, 
        "IncidentId" : "SCE 136724310"
      }
    }, 
    {
      "type" : "Feature", 
      "id" : 43392810, 
      "geometry" : 
      {
        "type" : "Point", 
        "coordinates" : [
          -117.574162276638, 33.6786880521283
        ]
      }, 
      "properties" : {
        "OBJECTID" : 43392810, 
        "UtilityCompany" : "SCE", 
        "StartDate" : 1791535500000, 
        "EstimatedRestoreDate" : 1791601200000, 
        "Cause" : "Upgrading Equipment", 
        "ImpactedCustomers" : 1, 
        "County" : "ORANGE", 
        "OutageStatus" : "Active", 
        "OutageType" : "Planned", 
        "GlobalID" : "12959e1e-a95a-4f61-8959-05986af50c0d", 
        "OutageTypeColor" : "#a8a800", 
        "OutageStatusColor" : null, 
        "IncidentId" : "SCE 136663138"
      }
    }, 
    {
      "type" : "Feature", 
      "id" : 43392811, 
      "geometry" : 
      {
        "type" : "Point", 
        "coordinates" : [
          -118.37002737539, 33.7879493019219
        ]
      }, 
      "properties" : {
        "OBJECTID" : 43392811, 
        "UtilityCompany" : "SCE", 
        "StartDate" : 1791542465000, 
        "EstimatedRestoreDate" : 1791588600000, 
        "Cause" : "Upgrading Equipment", 
        "ImpactedCustomers" : 11, 
        "County" : "LOS ANGELES", 
        "OutageStatus" : "Active", 
        "OutageType" : "Planned", 
        "GlobalID" : "ec4d39e7-76c9-4c22-bdfe-2471bbfe8305", 
        "OutageTypeColor" : "#a8a800", 
        "OutageStatusColor" : null, 
        "IncidentId" : "SCE 136653474"
      }
    }, 
    {
      "type" : "Feature", 
      "id" : 43392812, 
      "geometry" : 
      {
        "type" : "Point", 
        "coordinates" : [
          -117.714383276439, 34.02522817354
        ]
      }, 
      "properties" : {
        "OBJECTID" : 43392812, 
        "UtilityCompany" : "SCE", 
        "StartDate" : 1791537000000, 
        "EstimatedRestoreDate" : 1791578712000, 
        "Cause" : "Upgrading Equipment", 
        "ImpactedCustomers" : 45, 
        "County" : "SAN BERNARDINO", 
        "OutageStatus" : "Active", 
        "OutageType" : "Planned", 
        "GlobalID" : "876eeba7-4bae-4b0f-964e-eba1421202d0", 
        "OutageTypeColor" : "#a8a800", 
        "OutageStatusColor" : null, 
        "IncidentId" : "SCE 136657525"
      }
    }, 
    {
      "type" : "Feature", 
      "id" : 43392813, 
      "geometry" : 
      {
        "type" : "Point", 
        "coordinates" : [
          -117.556869642754, 34.4130535235885
        ]
      }, 
      "properties" : {
        "OBJECTID" : 43392813, 
        "UtilityCompany" : "SCE", 
        "StartDate" : 1791538265000, 
        "EstimatedRestoreDate" : 1791579600000, 
        "Cause" : "Upgrading Equipment", 
        "ImpactedCustomers" : 14, 
        "County" : "SAN BERNARDINO", 
        "OutageStatus" : "Active", 
        "OutageType" : "Planned", 
        "GlobalID" : "19da4578-3b66-4e0b-9d63-283b58beea49", 
        "OutageTypeColor" : "#a8a800", 
        "OutageStatusColor" : null, 
        "IncidentId" : "SCE 136657502"
      }
    }, 
    {
      "type" : "Feature", 
      "id" : 43392814, 
      "geometry" : 
      {
        "type" : "Point", 
        "coordinates" : [
          -117.04018090239, 33.9682740506191
        ]
      }, 
      "properties" : {
        "OBJECTID" : 43392814, 
        "UtilityCompany" : "SCE", 
        "StartDate" : 1791540456000, 
        "EstimatedRestoreDate" : 1791583200000, 
        "Cause" : "Cable Upgrade", 
        "ImpactedCustomers" : 2, 
        "County" : "RIVERSIDE", 
        "OutageStatus" : "Active", 
        "OutageType" : "Planned", 
        "GlobalID" : "2c7ff1f9-7d45-4f06-b1a3-0049610bb899", 
        "OutageTypeColor" : "#a8a800", 
        "OutageStatusColor" : null, 
        "IncidentId" : "SCE 136663762"
      }
    }, 
    {
      "type" : "Feature", 
      "id" : 43392815, 
      "geometry" : 
      {
        "type" : "Point", 
        "coordinates" : [
          -117.790912271437, 34.114528362822
        ]
      }, 
      "properties" : {
        "OBJECTID" : 43392815, 
        "UtilityCompany" : "SCE", 
        "StartDate" : 1791542400000, 
        "EstimatedRestoreDate" : 1791579600000, 
        "Cause" : "Upgrading Equipment", 
        "ImpactedCustomers" : 17, 
        "County" : "LOS ANGELES", 
        "OutageStatus" : "Active", 
        "OutageType" : "Planned", 
        "GlobalID" : "d6cead7b-1a78-4859-ac07-e5d91ca162ee", 
        "OutageTypeColor" : "#a8a800", 
        "OutageStatusColor" : null, 
        "IncidentId" : "SCE 136657400"
      }
    }, 
    {
      "type" : "Feature", 
      "id" : 43392816, 
      "geometry" : 
      {
        "type" : "Point", 
        "coordinates" : [
          -118.621232065956, 35.2300464503383
        ]
      }, 
      "properties" : {
        "OBJECTID" : 43392816, 
        "UtilityCompany" : "SCE", 
        "StartDate" : 1791540491000, 
        "EstimatedRestoreDate" : 1791588600000, 
        "Cause" : "Upgrading Equipment", 
        "ImpactedCustomers" : 1, 
        "County" : "KERN", 
        "OutageStatus" : "Active", 
        "OutageType" : "Planned", 
        "GlobalID" : "00ed3d30-c3c7-467e-86bd-314ffe119bc2", 
        "OutageTypeColor" : "#a8a800", 
        "OutageStatusColor" : null, 
        "IncidentId" : "SCE 136657529"
      }
    }, 
    {
      "type" : "Feature", 
      "id" : 43392817, 
      "geometry" : 
      {
        "type" : "Point", 
        "coordinates" : [
          -119.232939630098, 35.7781200248945
        ]
      }, 
      "properties" : {
        "OBJECTID" : 43392817, 
        "UtilityCompany" : "SCE", 
        "StartDate" : 1791534600000, 
        "EstimatedRestoreDate" : 1791579600000, 
        "Cause" : "Upgrading Equipment", 
        "ImpactedCustomers" : 19, 
        "County" : "KERN", 
        "OutageStatus" : "Active", 
        "OutageType" : "Planned", 
        "GlobalID" : "9a3b1942-ed00-4e6d-a532-e297f9957bef", 
        "OutageTypeColor" : "#a8a800", 
        "OutageStatusColor" : null, 
        "IncidentId" : "SCE 136657074"
      }
    }, 
    {
      "type" : "Feature", 
      "id" : 43392818, 
      "geometry" : 
      {
        "type" : "Point", 
        "coordinates" : [
          -119.7803592398, 34.4522493751498
        ]
      }, 
      "properties" : {
        "OBJECTID" : 43392818, 
        "UtilityCompany" : "SCE", 
        "StartDate" : 1791534600000, 
        "EstimatedRestoreDate" : 1791594000000, 
        "Cause" : "Pole Upgrade", 
        "ImpactedCustomers" : 143, 
        "County" : "SANTA BARBARA", 
        "OutageStatus" : "Active", 
        "OutageType" : "Planned", 
        "GlobalID" : "9846a6c6-8865-4038-8585-dbabdedd8c4b", 
        "OutageTypeColor" : "#a8a800", 
        "OutageStatusColor" : null, 
        "IncidentId" : "SCE 136653967"
      }
    }, 
    {
      "type" : "Feature", 
      "id" : 43392819, 
      "geometry" : 
      {
        "type" : "Point", 
        "coordinates" : [
          -119.356658240773, 36.2205467220219
        ]
      }, 
      "properties" : {
        "OBJECTID" : 43392819, 
        "UtilityCompany" : "SCE", 
        "StartDate" : 1791534929000, 
        "EstimatedRestoreDate" : 1791581400000, 
        "Cause" : "Upgrading Equipment", 
        "ImpactedCustomers" : 16, 
        "County" : "TULARE", 
        "OutageStatus" : "Active", 
        "OutageType" : "Planned", 
        "GlobalID" : "bcffdece-a0a4-40cc-a14c-256f790e6954", 
        "OutageTypeColor" : "#a8a800", 
        "OutageStatusColor" : null, 
        "IncidentId" : "SCE 136656973"
      }
    }, 
    {
      "type" : "Feature", 
      "id" : 43392820, 
      "geometry" : 
      {
        "type" : "Point", 
        "coordinates" : [
          -116.550136624968, 33.8175667939289
        ]
      }, 
      "properties" : {
        "OBJECTID" : 43392820, 
        "UtilityCompany" : "SCE", 
        "StartDate" : 1791536425000, 
        "EstimatedRestoreDate" : 1791590400000, 
        "Cause" : "Upgrading Equipment", 
        "ImpactedCustomers" : 8, 
        "County" : "RIVERSIDE", 
        "OutageStatus" : "Active", 
        "OutageType" : "Planned", 
        "GlobalID" : "5b840fd9-c1cb-44bb-bf3f-a813a412fb34", 
        "OutageTypeColor" : "#a8a800", 
        "OutageStatusColor" : null, 
        "IncidentId" : "SCE 136653490"
      }
    }, 
    {
      "type" : "Feature", 
      "id" : 43392821, 
      "geometry" : 
      {
        "type" : "Point", 
        "coordinates" : [
          -119.307155686962, 35.9866221857711
        ]
      }, 
      "properties" : {
        "OBJECTID" : 43392821, 
        "UtilityCompany" : "SCE", 
        "StartDate" : 1791541401000, 
        "EstimatedRestoreDate" : 1791579600000, 
        "Cause" : "Upgrading Equipment", 
        "ImpactedCustomers" : 1, 
        "County" : "TULARE", 
        "OutageStatus" : "Active", 
        "OutageType" : "Planned", 
        "GlobalID" : "b8ea4648-319d-4cbd-981c-bbc0e0ca0f24", 
        "OutageTypeColor" : "#a8a800", 
        "OutageStatusColor" : null, 
        "IncidentId" : "SCE 136657035"
      }
    }, 
    {
      "type" : "Feature", 
      "id" : 43392822, 
      "geometry" : 
      {
        "type" : "Point", 
        "coordinates" : [
          -117.740057334799, 34.0261561400607
        ]
      }, 
      "properties" : {
        "OBJECTID" : 43392822, 
        "UtilityCompany" : "SCE", 
        "StartDate" : 1791532800000, 
        "EstimatedRestoreDate" : 1791586800000, 
        "Cause" : "Upgrading Equipment", 
        "ImpactedCustomers" : 10, 
        "County" : "LOS ANGELES", 
        "OutageStatus" : "Active", 
        "OutageType" : "Planned", 
        "GlobalID" : "ffcf0db5-fc7c-4b88-8901-9c0e2ca0918a", 
        "OutageTypeColor" : "#a8a800", 
        "OutageStatusColor" : null, 
        "IncidentId" : "SCE 136673211"
      }
    }, 
    {
      "type" : "Feature", 
      "id" : 43392823, 
      "geometry" : 
      {
        "type" : "Point", 
        "coordinates" : [
          -119.183301901705, 34.1567955822365
        ]
      }, 
      "properties" : {
        "OBJECTID" : 43392823, 
        "UtilityCompany" : "SCE", 
        "StartDate" : 1791539136000, 
        "EstimatedRestoreDate" : 1791579600000, 
        "Cause" : "Equipment Problems", 
        "ImpactedCustomers" : 20, 
        "County" : "VENTURA", 
        "OutageStatus" : "Active", 
        "OutageType" : "Not Planned", 
        "GlobalID" : "9355f85b-97a1-41eb-baae-93fb68744663", 
        "OutageTypeColor" : "#ffaa00", 
        "OutageStatusColor" : null, 
        "IncidentId" : "SCE 136723424"
      }
    }, 
    {
      "type" : "Feature", 
      "id" : 43392824, 
      "geometry" : 
      {
        "type" : "Point", 
        "coordinates" : [
          -118.229327890228, 33.9754205388157
        ]
      }, 
      "properties" : {
        "OBJECTID" : 43392824, 
        "UtilityCompany" : "SCE", 
        "StartDate" : 1791539100000, 
        "EstimatedRestoreDate" : 1791586800000, 
        "Cause" : "Transformer Upgrade", 
        "ImpactedCustomers" : 21, 
        "County" : "LOS ANGELES", 
        "OutageStatus" : "Active", 
        "OutageType" : "Planned", 
        "GlobalID" : "e596dfd8-bd4c-4825-9a51-427153399101", 
        "OutageTypeColor" : "#a8a800", 
        "OutageStatusColor" : null, 
        "IncidentId" : "SCE 136666190"
      }
    }, 
    {
      "type" : "Feature", 
      "id" : 43392825, 
      "geometry" : 
      {
        "type" : "Point", 
        "coordinates" : [
          -117.616535255165, 33.7086611601553
        ]
      }, 
      "properties" : {
        "OBJECTID" : 43392825, 
        "UtilityCompany" : "SCE", 
        "StartDate" : 1791539169000, 
        "EstimatedRestoreDate" : 1791579600000, 
        "Cause" : "Upgrading Equipment", 
        "ImpactedCustomers" : 1, 
        "County" : "ORANGE", 
        "OutageStatus" : "Active", 
        "OutageType" : "Planned", 
        "GlobalID" : "d52f1b3e-2ae0-44c7-84bd-8155e980d831", 
        "OutageTypeColor" : "#a8a800", 
        "OutageStatusColor" : null, 
        "IncidentId" : "SCE 136668845"
      }
    }, 
    {
      "type" : "Feature", 
      "id" : 43392826, 
      "geometry" : 
      {
        "type" : "Point", 
        "coordinates" : [
          -118.567464483104, 35.742674436582
        ]
      }, 
      "properties" : {
        "OBJECTID" : 43392826, 
        "UtilityCompany" : "SCE", 
        "StartDate" : 1791534600000, 
        "EstimatedRestoreDate" : 1791590400000, 
        "Cause" : "Upgrading Equipment", 
        "ImpactedCustomers" : 8, 
        "County" : "KERN", 
        "OutageStatus" : "Active", 
        "OutageType" : "Planned", 
        "GlobalID" : "2ba45630-fe9a-4c16-ac73-948779a8d404", 
        "OutageTypeColor" : "#a8a800", 
        "OutageStatusColor" : null, 
        "IncidentId" : "SCE 136654416"
      }
    }, 
    {
      "type" : "Feature", 
      "id" : 43392827, 
      "geometry" : 
      {
        "type" : "Point", 
        "coordinates" : [
          -118.908957515207, 34.1813605444557
        ]
      }, 
      "properties" : {
        "OBJECTID" : 43392827, 
        "UtilityCompany" : "SCE", 
        "StartDate" : 1791550049000, 
        "EstimatedRestoreDate" : 1791583200000, 
        "Cause" : "Equipment Problems", 
        "ImpactedCustomers" : 36, 
        "County" : "VENTURA", 
        "OutageStatus" : "Active", 
        "OutageType" : "Not Planned", 
        "GlobalID" : "aa21c0ad-7afe-4b69-8a6f-750598506a6f", 
        "OutageTypeColor" : "#ffaa00", 
        "OutageStatusColor" : null, 
        "IncidentId" : "SCE 136724385"
      }
    }, 
    {
      "type" : "Feature", 
      "id" : 43392828, 
      "geometry" : 
      {
        "type" : "Point", 
        "coordinates" : [
          -118.898790950406, 34.1900100216295
        ]
      }, 
      "properties" : {
        "OBJECTID" : 43392828, 
        "UtilityCompany" : "SCE", 
        "StartDate" : 1791550800000, 
        "EstimatedRestoreDate" : 1791586800000, 
        "Cause" : "Upgrading Equipment", 
        "ImpactedCustomers" : 7, 
        "County" : "VENTURA", 
        "OutageStatus" : "Active", 
        "OutageType" : "Planned", 
        "GlobalID" : "356749d8-5eab-4cce-9527-08a0987e1114", 
        "OutageTypeColor" : "#a8a800", 
        "OutageStatusColor" : null, 
        "IncidentId" : "SCE 136678696"
      }
    }, 
    {
      "type" : "Feature", 
      "id" : 43392829, 
      "geometry" : 
      {
        "type" : "Point", 
        "coordinates" : [
          -122.50518, 37.56014
        ]
      }, 
      "properties" : {
        "OBJECTID" : 43392829, 
        "UtilityCompany" : "PGE", 
        "StartDate" : 1790872980000, 
        "EstimatedRestoreDate" : 1791687000000, 
        "Cause" : "PLNND SHUTDOWN", 
        "ImpactedCustomers" : 1, 
        "County" : "SAN MATEO", 
        "OutageStatus" : "Active", 
        "OutageType" : "Planned", 
        "GlobalID" : "719817a0-cdc1-4843-982b-b94bc5e113c5", 
        "OutageTypeColor" : "#a8a800", 
        "OutageStatusColor" : null, 
        "IncidentId" : "368103"
      }
    }, 
    {
      "type" : "Feature", 
      "id" : 43392830, 
      "geometry" : 
      {
        "type" : "Point", 
        "coordinates" : [
          -122.56774, 38.15652
        ]
      }, 
      "properties" : {
        "OBJECTID" : 43392830, 
        "UtilityCompany" : "PGE", 
        "StartDate" : 1790994360000, 
        "EstimatedRestoreDate" : 1791140400000, 
        "Cause" : "EMERG REPAIRS", 
        "ImpactedCustomers" : 1, 
        "County" : "MARIN", 
        "OutageStatus" : "Active", 
        "OutageType" : "Not Planned", 
        "GlobalID" : "7faf247b-84a8-4dcf-a103-b840abb62b1e", 
        "OutageTypeColor" : "#ffaa00", 
        "OutageStatusColor" : null, 
        "IncidentId" : "369458"
      }
    }, 
    {
      "type" : "Feature", 
      "id" : 43392831, 
      "geometry" : 
      {
        "type" : "Point", 
        "coordinates" : [
          -120.84286, 39.01053
        ]
      }, 
      "properties" : {
        "OBJECTID" : 43392831, 
        "UtilityCompany" : "PGE", 
        "StartDate" : 1791126306000, 
        "EstimatedRestoreDate" : 1791154800000, 
        "Cause" : "PLNND SHUTDOWN", 
        "ImpactedCustomers" : 1, 
        "County" : "PLACER", 
        "OutageStatus" : "Active", 
        "OutageType" : "Planned", 
        "GlobalID" : "57014b2c-6a3d-4bb2-bed5-94f6321d54a8", 
        "OutageTypeColor" : "#a8a800", 
        "OutageStatusColor" : null, 
        "IncidentId" : "370074"
      }
    }, 
    {
      "type" : "Feature", 
      "id" : 43392832, 
      "geometry" : 
      {
        "type" : "Point", 
        "coordinates" : [
          -120.76683, 39.25717
        ]
      }, 
      "properties" : {
        "OBJECTID" : 43392832, 
        "UtilityCompany" : "PGE", 
        "StartDate" : 1791213360000, 
        "EstimatedRestoreDate" : 1792177200000, 
        "Cause" : "PLNND SHUTDOWN", 
        "ImpactedCustomers" : 1, 
        "County" : "PLACER", 
        "OutageStatus" : "Active", 
        "OutageType" : "Planned", 
        "GlobalID" : "a7a5e9fa-9dec-442e-a71c-b693aa20460f", 
        "OutageTypeColor" : "#a8a800", 
        "OutageStatusColor" : null, 
        "IncidentId" : "370830"
      }
    }, 
    {
      "type" : "Feature", 
      "id" : 43392833, 
      "geometry" : 
      {
        "type" : "Point", 
        "coordinates" : [
          -121.97159, 38.2855
        ]
      }, 
      "properties" : {
        "OBJECTID" : 43392833, 
        "UtilityCompany" : "PGE", 
        "StartDate" : 1791490453000, 
        "EstimatedRestoreDate" : 1791509400000, 
        "Cause" : "PLNND SHUTDOWN", 
        "ImpactedCustomers" : 1, 
        "County" : "SOLANO", 
        "OutageStatus" : "Active", 
        "OutageType" : "Planned", 
        "GlobalID" : "2267599d-ecc5-424d-a81e-6613c44ceeef", 
        "OutageTypeColor" : "#a8a800", 
        "OutageStatusColor" : null, 
        "IncidentId" : "373657"
      }
    }, 
    {
      "type" : "Feature", 
      "id" : 43392834, 
      "geometry" : 
      {
        "type" : "Point", 
        "coordinates" : [
          -121.78775, 37.22274
        ]
      }, 
      "properties" : {
        "OBJECTID" : 43392834, 
        "UtilityCompany" : "PGE", 
        "StartDate" : 1791540238000, 
        "EstimatedRestoreDate" : 1791576900000, 
        "Cause" : "BRKN UG EQUIPMNT", 
        "ImpactedCustomers" : 13, 
        "County" : "SANTA CLARA", 
        "OutageStatus" : "Active", 
        "OutageType" : "Not Planned", 
        "GlobalID" : "bb73ca48-4b3c-4815-a44d-00e6f8601f94", 
        "OutageTypeColor" : "#ffaa00", 
        "OutageStatusColor" : null, 
        "IncidentId" : "374064"
      }
    }, 
    {
      "type" : "Feature", 
      "id" : 43392835, 
      "geometry" : 
      {
        "type" : "Point", 
        "coordinates" : [
          -120.11066, 37.00813
        ]
      }, 
      "properties" : {
        "OBJECTID" : 43392835, 
        "UtilityCompany" : "PGE", 
        "StartDate" : 1791555240000, 
        "EstimatedRestoreDate" : 1791586800000, 
        "Cause" : "BRKN UG EQUIPMNT", 
        "ImpactedCustomers" : 1, 
        "County" : "MADERA", 
        "OutageStatus" : "Active", 
        "OutageType" : "Not Planned", 
        "GlobalID" : "c307837e-c52b-4a6b-9207-171a806cc31e", 
        "OutageTypeColor" : "#ffaa00", 
        "OutageStatusColor" : null, 
        "IncidentId" : "374111"
      }
    }, 
    {
      "type" : "Feature", 
      "id" : 43392836, 
      "geometry" : 
      {
        "type" : "Point", 
        "coordinates" : [
          -121.49974, 36.62349
        ]
      }, 
      "properties" : {
        "OBJECTID" : 43392836, 
        "UtilityCompany" : "PGE", 
        "StartDate" : 1791557160000, 
        "EstimatedRestoreDate" : 1791594000000, 
        "Cause" : null, 
        "ImpactedCustomers" : 1, 
        "County" : "MONTEREY", 
        "OutageStatus" : "Active", 
        "OutageType" : "Not Planned", 
        "GlobalID" : "d582e07f-4a26-4944-83be-ca5d2ecbb215", 
        "OutageTypeColor" : "#ffaa00", 
        "OutageStatusColor" : null, 
        "IncidentId" : "374119"
      }
    }, 
    {
      "type" : "Feature", 
      "id" : 43392837, 
      "geometry" : 
      {
        "type" : "Point", 
        "coordinates" : [
          -122.00809, 37.3527
        ]
      }, 
      "properties" : {
        "OBJECTID" : 43392837, 
        "UtilityCompany" : "PGE", 
        "StartDate" : 1791558117000, 
        "EstimatedRestoreDate" : 1791594000000, 
        "Cause" : "FOREIGN OBJ", 
        "ImpactedCustomers" : 5, 
        "County" : "SANTA CLARA", 
        "OutageStatus" : "Active", 
        "OutageType" : "Not Planned", 
        "GlobalID" : "c13aafac-1021-4e3b-b4b2-c30e2d03ae7f", 
        "OutageTypeColor" : "#ffaa00", 
        "OutageStatusColor" : null, 
        "IncidentId" : "374123"
      }
    }, 
    {
      "type" : "Feature", 
      "id" : 43392838, 
      "geometry" : 
      {
        "type" : "Point", 
        "coordinates" : [
          -120.3736, 38.20562
        ]
      }, 
      "properties" : {
        "OBJECTID" : 43392838, 
        "UtilityCompany" : "PGE", 
        "StartDate" : 1791558000000, 
        "EstimatedRestoreDate" : 1791586800000, 
        "Cause" : "PLNND SHUTDOWN", 
        "ImpactedCustomers" : 70, 
        "County" : "CALAVERAS", 
        "OutageStatus" : "Active", 
        "OutageType" : "Planned", 
        "GlobalID" : "291363b5-2789-4693-98a2-75e48e8cc806", 
        "OutageTypeColor" : "#a8a800", 
        "OutageStatusColor" : null, 
        "IncidentId" : "374125"
      }
    }, 
    {
      "type" : "Feature", 
      "id" : 43392839, 
      "geometry" : 
      {
        "type" : "Point", 
        "coordinates" : [
          -122.05624, 37.32997
        ]
      }, 
      "properties" : {
        "OBJECTID" : 43392839, 
        "UtilityCompany" : "PGE", 
        "StartDate" : 1791558030000, 
        "EstimatedRestoreDate" : 1791588600000, 
        "Cause" : "PLNND SHUTDOWN", 
        "ImpactedCustomers" : 25, 
        "County" : "SANTA CLARA", 
        "OutageStatus" : "Active", 
        "OutageType" : "Planned", 
        "GlobalID" : "21027d00-9c4f-4c51-9663-030d68081352", 
        "OutageTypeColor" : "#a8a800", 
        "OutageStatusColor" : null, 
        "IncidentId" : "374127"
      }
    }, 
    {
      "type" : "Feature", 
      "id" : 43392840, 
      "geometry" : 
      {
        "type" : "Point", 
        "coordinates" : [
          -120.56505, 35.1403
        ]
      }, 
      "properties" : {
        "OBJECTID" : 43392840, 
        "UtilityCompany" : "PGE", 
        "StartDate" : 1791558000000, 
        "EstimatedRestoreDate" : 1791579600000, 
        "Cause" : "PLNND SHUTDOWN", 
        "ImpactedCustomers" : 3, 
        "County" : "SAN LUIS OBISPO", 
        "OutageStatus" : "Active", 
        "OutageType" : "Planned", 
        "GlobalID" : "0d86ab20-c691-4bca-ac3f-2d9fc720b260", 
        "OutageTypeColor" : "#a8a800", 
        "OutageStatusColor" : null, 
        "IncidentId" : "374128"
      }
    }, 
    {
      "type" : "Feature", 
      "id" : 43392841, 
      "geometry" : 
      {
        "type" : "Point", 
        "coordinates" : [
          -119.38589, 36.97713
        ]
      }, 
      "properties" : {
        "OBJECTID" : 43392841, 
        "UtilityCompany" : "PGE", 
        "StartDate" : 1791558060000, 
        "EstimatedRestoreDate" : 1791586800000, 
        "Cause" : "PLNND SHUTDOWN", 
        "ImpactedCustomers" : 27, 
        "County" : "FRESNO", 
        "OutageStatus" : "Active", 
        "OutageType" : "Planned", 
        "GlobalID" : "8a7328a8-2b87-4a45-9c32-1e319eab0b0c", 
        "OutageTypeColor" : "#a8a800", 
        "OutageStatusColor" : null, 
        "IncidentId" : "374131"
      }
    }, 
    {
      "type" : "Feature", 
      "id" : 43392842, 
      "geometry" : 
      {
        "type" : "Point", 
        "coordinates" : [
          -120.53747, 38.21088
        ]
      }, 
      "properties" : {
        "OBJECTID" : 43392842, 
        "UtilityCompany" : "PGE", 
        "StartDate" : 1791558300000, 
        "EstimatedRestoreDate" : 1791601200000, 
        "Cause" : "PLNND SHUTDOWN", 
        "ImpactedCustomers" : 5, 
        "County" : "CALAVERAS", 
        "OutageStatus" : "Active", 
        "OutageType" : "Planned", 
        "GlobalID" : "e377f6af-f577-4766-9e33-3871340a33f5", 
        "OutageTypeColor" : "#a8a800", 
        "OutageStatusColor" : null, 
        "IncidentId" : "374134"
      }
    }, 
    {
      "type" : "Feature", 
      "id" : 43392843, 
      "geometry" : 
      {
        "type" : "Point", 
        "coordinates" : [
          -120.53747, 38.21194
        ]
      }, 
      "properties" : {
        "OBJECTID" : 43392843, 
        "UtilityCompany" : "PGE", 
        "StartDate" : 1791558300000, 
        "EstimatedRestoreDate" : 1791601200000, 
        "Cause" : "PLNND SHUTDOWN", 
        "ImpactedCustomers" : 1, 
        "County" : "CALAVERAS", 
        "OutageStatus" : "Active", 
        "OutageType" : "Planned", 
        "GlobalID" : "2ace1255-d52c-4671-a9ff-10680e779deb", 
        "OutageTypeColor" : "#a8a800", 
        "OutageStatusColor" : null, 
        "IncidentId" : "374135"
      }
    }, 
    {
      "type" : "Feature", 
      "id" : 43392844, 
      "geometry" : 
      {
        "type" : "Point", 
        "coordinates" : [
          -122.05532, 37.33023
        ]
      }, 
      "properties" : {
        "OBJECTID" : 43392844, 
        "UtilityCompany" : "PGE", 
        "StartDate" : 1791558060000, 
        "EstimatedRestoreDate" : 1791588600000, 
        "Cause" : "PLNND SHUTDOWN", 
        "ImpactedCustomers" : 10, 
        "County" : "SANTA CLARA", 
        "OutageStatus" : "Active", 
        "OutageType" : "Planned", 
        "GlobalID" : "fb91c4a4-5c52-436e-97a0-f339bfaccc3f", 
        "OutageTypeColor" : "#a8a800", 
        "OutageStatusColor" : null, 
        "IncidentId" : "374138"
      }
    }, 
    {
      "type" : "Feature", 
      "id" : 43392845, 
      "geometry" : 
      {
        "type" : "Point", 
        "coordinates" : [
          -120.80534, 39.20942
        ]
      }, 
      "properties" : {
        "OBJECTID" : 43392845, 
        "UtilityCompany" : "PGE", 
        "StartDate" : 1791558060000, 
        "EstimatedRestoreDate" : 1791586800000, 
        "Cause" : "PLNND SHUTDOWN", 
        "ImpactedCustomers" : 3, 
        "County" : "PLACER", 
        "OutageStatus" : "Active", 
        "OutageType" : "Planned", 
        "GlobalID" : "b4c863c6-f51e-4bb9-ac39-0e8c928e8cb6", 
        "OutageTypeColor" : "#a8a800", 
        "OutageStatusColor" : null, 
        "IncidentId" : "374149"
      }
    }, 
    {
      "type" : "Feature", 
      "id" : 43392846, 
      "geometry" : 
      {
        "type" : "Point", 
        "coordinates" : [
          -122.44747, 40.58463
        ]
      }, 
      "properties" : {
        "OBJECTID" : 43392846, 
        "UtilityCompany" : "PGE", 
        "StartDate" : 1791558540000, 
        "EstimatedRestoreDate" : 1791586800000, 
        "Cause" : "PLNND SHUTDOWN", 
        "ImpactedCustomers" : 3, 
        "County" : "SHASTA", 
        "OutageStatus" : "Active", 
        "OutageType" : "Planned", 
        "GlobalID" : "5e666896-f996-4275-a8e9-6497609c0247", 
        "OutageTypeColor" : "#a8a800", 
        "OutageStatusColor" : null, 
        "IncidentId" : "374151"
      }
    }, 
    {
      "type" : "Feature", 
      "id" : 43392847, 
      "geometry" : 
      {
        "type" : "Point", 
        "coordinates" : [
          -121.26764, 39.23641
        ]
      }, 
      "properties" : {
        "OBJECTID" : 43392847, 
        "UtilityCompany" : "PGE", 
        "StartDate" : 1791558720000, 
        "EstimatedRestoreDate" : 1791590400000, 
        "Cause" : "PLNND SHUTDOWN", 
        "ImpactedCustomers" : 4, 
        "County" : "NEVADA", 
        "OutageStatus" : "Active", 
        "OutageType" : "Planned", 
        "GlobalID" : "e5a11f07-b2c7-4240-b653-7254bb0e187d", 
        "OutageTypeColor" : "#a8a800", 
        "OutageStatusColor" : null, 
        "IncidentId" : "374154"
      }
    }, 
    {
      "type" : "Feature", 
      "id" : 43392848, 
      "geometry" : 
      {
        "type" : "Point", 
        "coordinates" : [
          -122.63887, 40.6825
        ]
      }, 
      "properties" : {
        "OBJECTID" : 43392848, 
        "UtilityCompany" : "PGE", 
        "StartDate" : 1791558720000, 
        "EstimatedRestoreDate" : 1791586800000, 
        "Cause" : "PLNND SHUTDOWN", 
        "ImpactedCustomers" : 1, 
        "County" : "SHASTA", 
        "OutageStatus" : "Active", 
        "OutageType" : "Planned", 
        "GlobalID" : "51623e9d-eeff-4275-ae14-180526fb9844", 
        "OutageTypeColor" : "#a8a800", 
        "OutageStatusColor" : null, 
        "IncidentId" : "374158"
      }
    }, 
    {
      "type" : "Feature", 
      "id" : 43392849, 
      "geometry" : 
      {
        "type" : "Point", 
        "coordinates" : [
          -122.18114, 37.9401
        ]
      }, 
      "properties" : {
        "OBJECTID" : 43392849, 
        "UtilityCompany" : "PGE", 
        "StartDate" : 1791558960000, 
        "EstimatedRestoreDate" : 1791588600000, 
        "Cause" : "PLNND SHUTDOWN", 
        "ImpactedCustomers" : 2, 
        "County" : "CONTRA COSTA", 
        "OutageStatus" : "Active", 
        "OutageType" : "Planned", 
        "GlobalID" : "b728aa36-23cc-4bac-9566-ee4f7b438055", 
        "OutageTypeColor" : "#a8a800", 
        "OutageStatusColor" : null, 
        "IncidentId" : "374162"
      }
    }, 
    {
      "type" : "Feature", 
      "id" : 43392850, 
      "geometry" : 
      {
        "type" : "Point", 
        "coordinates" : [
          -122.32433, 37.91977
        ]
      }, 
      "properties" : {
        "OBJECTID" : 43392850, 
        "UtilityCompany" : "PGE", 
        "StartDate" : 1791558905000, 
        "EstimatedRestoreDate" : 1791579600000, 
        "Cause" : "PLNND SHUTDOWN", 
        "ImpactedCustomers" : 6, 
        "County" : "CONTRA COSTA", 
        "OutageStatus" : "Active", 
        "OutageType" : "Planned", 
        "GlobalID" : "f555d2e5-8fcf-4135-b243-8f076f879c45", 
        "OutageTypeColor" : "#a8a800", 
        "OutageStatusColor" : null, 
        "IncidentId" : "374167"
      }
    }, 
    {
      "type" : "Feature", 
      "id" : 43392851, 
      "geometry" : 
      {
        "type" : "Point", 
        "coordinates" : [
          -122.45141, 37.49056
        ]
      }, 
      "properties" : {
        "OBJECTID" : 43392851, 
        "UtilityCompany" : "PGE", 
        "StartDate" : 1791559320000, 
        "EstimatedRestoreDate" : 1791590400000, 
        "Cause" : null, 
        "ImpactedCustomers" : 85, 
        "County" : "SAN MATEO", 
        "OutageStatus" : "Active", 
        "OutageType" : "Not Planned", 
        "GlobalID" : "2550babb-5c6c-491e-86e0-7d86bac2e6bc", 
        "OutageTypeColor" : "#ffaa00", 
        "OutageStatusColor" : null, 
        "IncidentId" : "374174"
      }
    }, 
    {
      "type" : "Feature", 
      "id" : 43392852, 
      "geometry" : 
      {
        "type" : "Point", 
        "coordinates" : [
          -122.42928, 37.46896
        ]
      }, 
      "properties" : {
        "OBJECTID" : 43392852, 
        "UtilityCompany" : "PGE", 
        "StartDate" : 1791559284000, 
        "EstimatedRestoreDate" : 1791595800000, 
        "Cause" : "THRD PARTY", 
        "ImpactedCustomers" : 1, 
        "County" : "SAN MATEO", 
        "OutageStatus" : "Active", 
        "OutageType" : "Not Planned", 
        "GlobalID" : "20a523c7-3241-4449-99a0-84bfe0fb538d", 
        "OutageTypeColor" : "#ffaa00", 
        "OutageStatusColor" : null, 
        "IncidentId" : "374177"
      }
    }, 
    {
      "type" : "Feature", 
      "id" : 43392853, 
      "geometry" : 
      {
        "type" : "Point", 
        "coordinates" : [
          -122.45905, 37.49628
        ]
      }, 
      "properties" : {
        "OBJECTID" : 43392853, 
        "UtilityCompany" : "PGE", 
        "StartDate" : 1791559405000, 
        "EstimatedRestoreDate" : 1791590400000, 
        "Cause" : null, 
        "ImpactedCustomers" : 15, 
        "County" : "SAN MATEO", 
        "OutageStatus" : "Active", 
        "OutageType" : "Not Planned", 
        "GlobalID" : "527a3009-4837-408d-ac15-4311230ac22a", 
        "OutageTypeColor" : "#ffaa00", 
        "OutageStatusColor" : null, 
        "IncidentId" : "374182"
      }
    }, 
    {
      "type" : "Feature", 
      "id" : 43392854, 
      "geometry" : 
      {
        "type" : "Point", 
        "coordinates" : [
          -121.44243, 37.74927
        ]
      }, 
      "properties" : {
        "OBJECTID" : 43392854, 
        "UtilityCompany" : "PGE", 
        "StartDate" : 1791559644000, 
        "EstimatedRestoreDate" : 1791579600000, 
        "Cause" : "PLNND SHUTDOWN", 
        "ImpactedCustomers" : 9, 
        "County" : "SAN JOAQUIN", 
        "OutageStatus" : "Active", 
        "OutageType" : "Planned", 
        "GlobalID" : "087fc6a7-1211-42a1-88e2-1777b2d5f0e2", 
        "OutageTypeColor" : "#a8a800", 
        "OutageStatusColor" : null, 
        "IncidentId" : "374194"
      }
    }, 
    {
      "type" : "Feature", 
      "id" : 43392855, 
      "geometry" : 
      {
        "type" : "Point", 
        "coordinates" : [
          -121.44372, 37.75142
        ]
      }, 
      "properties" : {
        "OBJECTID" : 43392855, 
        "UtilityCompany" : "PGE", 
        "StartDate" : 1791559746000, 
        "EstimatedRestoreDate" : 1791579600000, 
        "Cause" : "PLNND SHUTDOWN", 
        "ImpactedCustomers" : 20, 
        "County" : "SAN JOAQUIN", 
        "OutageStatus" : "Active", 
        "OutageType" : "Planned", 
        "GlobalID" : "48d98dd3-077e-4597-a65b-2f376c053c28", 
        "OutageTypeColor" : "#a8a800", 
        "OutageStatusColor" : null, 
        "IncidentId" : "374197"
      }
    }, 
    {
      "type" : "Feature", 
      "id" : 43392856, 
      "geometry" : 
      {
        "type" : "Point", 
        "coordinates" : [
          -121.44342, 37.74685
        ]
      }, 
      "properties" : {
        "OBJECTID" : 43392856, 
        "UtilityCompany" : "PGE", 
        "StartDate" : 1791559800000, 
        "EstimatedRestoreDate" : 1791579600000, 
        "Cause" : "PLNND SHUTDOWN", 
        "ImpactedCustomers" : 27, 
        "County" : "SAN JOAQUIN", 
        "OutageStatus" : "Active", 
        "OutageType" : "Planned", 
        "GlobalID" : "2cedf4f8-12ea-4ea1-85d3-e291972efcaa", 
        "OutageTypeColor" : "#a8a800", 
        "OutageStatusColor" : null, 
        "IncidentId" : "374198"
      }
    }, 
    {
      "type" : "Feature", 
      "id" : 43392857, 
      "geometry" : 
      {
        "type" : "Point", 
        "coordinates" : [
          -121.88298, 37.10459
        ]
      }, 
      "properties" : {
        "OBJECTID" : 43392857, 
        "UtilityCompany" : "PGE", 
        "StartDate" : 1791561600000, 
        "EstimatedRestoreDate" : 1791590400000, 
        "Cause" : "PLNND SHUTDOWN", 
        "ImpactedCustomers" : 5, 
        "County" : "SANTA CRUZ", 
        "OutageStatus" : "Active", 
        "OutageType" : "Planned", 
        "GlobalID" : "0785215a-5131-4212-8fd9-bfad642f71cd", 
        "OutageTypeColor" : "#a8a800", 
        "OutageStatusColor" : null, 
        "IncidentId" : "374201"
      }
    }, 
    {
      "type" : "Feature", 
      "id" : 43392858, 
      "geometry" : 
      {
        "type" : "Point", 
        "coordinates" : [
          -118.98575, 36.73302
        ]
      }, 
      "properties" : {
        "OBJECTID" : 43392858, 
        "UtilityCompany" : "PGE", 
        "StartDate" : 1791560093000, 
        "EstimatedRestoreDate" : 1791586800000, 
        "Cause" : "PLNND SHUTDOWN", 
        "ImpactedCustomers" : 2, 
        "County" : "FRESNO", 
        "OutageStatus" : "Active", 
        "OutageType" : "Planned", 
        "GlobalID" : "7f3700a6-145e-4940-a5cc-659673a892c4", 
        "OutageTypeColor" : "#a8a800", 
        "OutageStatusColor" : null, 
        "IncidentId" : "374207"
      }
    }, 
    {
      "type" : "Feature", 
      "id" : 43392859, 
      "geometry" : 
      {
        "type" : "Point", 
        "coordinates" : [
          -122.35571, 37.94522
        ]
      }, 
      "properties" : {
        "OBJECTID" : 43392859, 
        "UtilityCompany" : "PGE", 
        "StartDate" : 1791560220000, 
        "EstimatedRestoreDate" : 1791590400000, 
        "Cause" : "PLNND SHUTDOWN", 
        "ImpactedCustomers" : 31, 
        "County" : "CONTRA COSTA", 
        "OutageStatus" : "Active", 
        "OutageType" : "Planned", 
        "GlobalID" : "ab223a1c-5a69-4172-a1e4-d04d3e62d8f7", 
        "OutageTypeColor" : "#a8a800", 
        "OutageStatusColor" : null, 
        "IncidentId" : "374210"
      }
    }, 
    {
      "type" : "Feature", 
      "id" : 43392860, 
      "geometry" : 
      {
        "type" : "Point", 
        "coordinates" : [
          -120.96795, 39.23994
        ]
      }, 
      "properties" : {
        "OBJECTID" : 43392860, 
        "UtilityCompany" : "PGE", 
        "StartDate" : 1791560133000, 
        "EstimatedRestoreDate" : 1791592200000, 
        "Cause" : "PLNND SHUTDOWN", 
        "ImpactedCustomers" : 2, 
        "County" : "NEVADA", 
        "OutageStatus" : "Active", 
        "OutageType" : "Planned", 
        "GlobalID" : "1082bb9b-c3a0-4529-a6db-96861c679f7f", 
        "OutageTypeColor" : "#a8a800", 
        "OutageStatusColor" : null, 
        "IncidentId" : "374214"
      }
    }, 
    {
      "type" : "Feature", 
      "id" : 43392861, 
      "geometry" : 
      {
        "type" : "Point", 
        "coordinates" : [
          -119.8989, 36.78609
        ]
      }, 
      "properties" : {
        "OBJECTID" : 43392861, 
        "UtilityCompany" : "PGE", 
        "StartDate" : 1791560537000, 
        "EstimatedRestoreDate" : 1791586800000, 
        "Cause" : "PLNND SHUTDOWN", 
        "ImpactedCustomers" : 6, 
        "County" : "FRESNO", 
        "OutageStatus" : "Active", 
        "OutageType" : "Planned", 
        "GlobalID" : "e747e8d6-d265-42ae-9977-e85fe0396456", 
        "OutageTypeColor" : "#a8a800", 
        "OutageStatusColor" : null, 
        "IncidentId" : "374217"
      }
    }, 
    {
      "type" : "Feature", 
      "id" : 43392862, 
      "geometry" : 
      {
        "type" : "Point", 
        "coordinates" : [
          -121.01949, 38.97047
        ]
      }, 
      "properties" : {
        "OBJECTID" : 43392862, 
        "UtilityCompany" : "PGE", 
        "StartDate" : 1791560400000, 
        "EstimatedRestoreDate" : 1791583200000, 
        "Cause" : "PLNND SHUTDOWN", 
        "ImpactedCustomers" : 5, 
        "County" : "PLACER", 
        "OutageStatus" : "Active", 
        "OutageType" : "Planned", 
        "GlobalID" : "a53da783-b56b-4ae2-9399-21a2253e013d", 
        "OutageTypeColor" : "#a8a800", 
        "OutageStatusColor" : null, 
        "IncidentId" : "374223"
      }
    }, 
    {
      "type" : "Feature", 
      "id" : 43392863, 
      "geometry" : 
      {
        "type" : "Point", 
        "coordinates" : [
          -122.01774, 37.31571
        ]
      }, 
      "properties" : {
        "OBJECTID" : 43392863, 
        "UtilityCompany" : "PGE", 
        "StartDate" : 1791560958000, 
        "EstimatedRestoreDate" : 1791584100000, 
        "Cause" : null, 
        "ImpactedCustomers" : 1, 
        "County" : "SANTA CLARA", 
        "OutageStatus" : "Active", 
        "OutageType" : "Not Planned", 
        "GlobalID" : "47811498-293d-4d67-868d-278fee316175", 
        "OutageTypeColor" : "#ffaa00", 
        "OutageStatusColor" : null, 
        "IncidentId" : "374228"
      }
    }, 
    {
      "type" : "Feature", 
      "id" : 43392864, 
      "geometry" : 
      {
        "type" : "Point", 
        "coordinates" : [
          -122.68092, 38.44678
        ]
      }, 
      "properties" : {
        "OBJECTID" : 43392864, 
        "UtilityCompany" : "PGE", 
        "StartDate" : 1791561085000, 
        "EstimatedRestoreDate" : 1791581400000, 
        "Cause" : "PATROLLING", 
        "ImpactedCustomers" : 1, 
        "County" : "SONOMA", 
        "OutageStatus" : "Active", 
        "OutageType" : "Not Planned", 
        "GlobalID" : "863b7520-39d8-46ae-ab78-08fb0cbde16b", 
        "OutageTypeColor" : "#ffaa00", 
        "OutageStatusColor" : null, 
        "IncidentId" : "374230"
      }
    }, 
    {
      "type" : "Feature", 
      "id" : 43392865, 
      "geometry" : 
      {
        "type" : "Point", 
        "coordinates" : [
          -120.18704, 37.77441
        ]
      }, 
      "properties" : {
        "OBJECTID" : 43392865, 
        "UtilityCompany" : "PGE", 
        "StartDate" : 1791561240000, 
        "EstimatedRestoreDate" : 1791585000000, 
        "Cause" : "PLNND SHUTDOWN", 
        "ImpactedCustomers" : 2, 
        "County" : "TUOLUMNE", 
        "OutageStatus" : "Active", 
        "OutageType" : "Planned", 
        "GlobalID" : "879a5a82-c637-42bc-a39f-e4785e3b319c", 
        "OutageTypeColor" : "#a8a800", 
        "OutageStatusColor" : null, 
        "IncidentId" : "374235"
      }
    }, 
    {
      "type" : "Feature", 
      "id" : 43392866, 
      "geometry" : 
      {
        "type" : "Point", 
        "coordinates" : [
          -121.89097, 37.30718
        ]
      }, 
      "properties" : {
        "OBJECTID" : 43392866, 
        "UtilityCompany" : "PGE", 
        "StartDate" : 1791561600000, 
        "EstimatedRestoreDate" : 1791583200000, 
        "Cause" : "PLNND SHUTDOWN", 
        "ImpactedCustomers" : 8, 
        "County" : "SANTA CLARA", 
        "OutageStatus" : "Active", 
        "OutageType" : "Planned", 
        "GlobalID" : "d7f77e42-ee3f-4530-b983-c57f56e7af58", 
        "OutageTypeColor" : "#a8a800", 
        "OutageStatusColor" : null, 
        "IncidentId" : "374242"
      }
    }, 
    {
      "type" : "Feature", 
      "id" : 43392867, 
      "geometry" : 
      {
        "type" : "Point", 
        "coordinates" : [
          -121.86579, 37.40627
        ]
      }, 
      "properties" : {
        "OBJECTID" : 43392867, 
        "UtilityCompany" : "PGE", 
        "StartDate" : 1791561603000, 
        "EstimatedRestoreDate" : 1791604800000, 
        "Cause" : "PLNND SHUTDOWN", 
        "ImpactedCustomers" : 14, 
        "County" : "SANTA CLARA", 
        "OutageStatus" : "Active", 
        "OutageType" : "Planned", 
        "GlobalID" : "415ce77b-88e1-4ba7-8b32-502287d06367", 
        "OutageTypeColor" : "#a8a800", 
        "OutageStatusColor" : null, 
        "IncidentId" : "374244"
      }
    }, 
    {
      "type" : "Feature", 
      "id" : 43392868, 
      "geometry" : 
      {
        "type" : "Point", 
        "coordinates" : [
          -121.78897, 36.46101
        ]
      }, 
      "properties" : {
        "OBJECTID" : 43392868, 
        "UtilityCompany" : "PGE", 
        "StartDate" : 1791561691000, 
        "EstimatedRestoreDate" : 1791594000000, 
        "Cause" : "PLNND SHUTDOWN", 
        "ImpactedCustomers" : 11, 
        "County" : "MONTEREY", 
        "OutageStatus" : "Active", 
        "OutageType" : "Planned", 
        "GlobalID" : "c9260eee-f437-412d-8141-905e903a3b96", 
        "OutageTypeColor" : "#a8a800", 
        "OutageStatusColor" : null, 
        "IncidentId" : "374248"
      }
    }, 
    {
      "type" : "Feature", 
      "id" : 43392869, 
      "geometry" : 
      {
        "type" : "Point", 
        "coordinates" : [
          -121.77658, 37.24438
        ]
      }, 
      "properties" : {
        "OBJECTID" : 43392869, 
        "UtilityCompany" : "PGE", 
        "StartDate" : 1791561600000, 
        "EstimatedRestoreDate" : 1791594000000, 
        "Cause" : "PLNND SHUTDOWN", 
        "ImpactedCustomers" : 49, 
        "County" : "SANTA CLARA", 
        "OutageStatus" : "Active", 
        "OutageType" : "Planned", 
        "GlobalID" : "c318b18d-b700-43e9-b085-6d6442248207", 
        "OutageTypeColor" : "#a8a800", 
        "OutageStatusColor" : null, 
        "IncidentId" : "374249"
      }
    }, 
    {
      "type" : "Feature", 
      "id" : 43392870, 
      "geometry" : 
      {
        "type" : "Point", 
        "coordinates" : [
          -121.98694, 37.28094
        ]
      }, 
      "properties" : {
        "OBJECTID" : 43392870, 
        "UtilityCompany" : "PGE", 
        "StartDate" : 1791561780000, 
        "EstimatedRestoreDate" : 1791588600000, 
        "Cause" : "PLNND SHUTDOWN", 
        "ImpactedCustomers" : 23, 
        "County" : "SANTA CLARA", 
        "OutageStatus" : "Active", 
        "OutageType" : "Planned", 
        "GlobalID" : "f54a39e5-d8da-4feb-849b-6ad290fb30de", 
        "OutageTypeColor" : "#a8a800", 
        "OutageStatusColor" : null, 
        "IncidentId" : "374253"
      }
    }, 
    {
      "type" : "Feature", 
      "id" : 43392871, 
      "geometry" : 
      {
        "type" : "Point", 
        "coordinates" : [
          -122.195, 37.47313
        ]
      }, 
      "properties" : {
        "OBJECTID" : 43392871, 
        "UtilityCompany" : "PGE", 
        "StartDate" : 1791561772000, 
        "EstimatedRestoreDate" : 1791590400000, 
        "Cause" : "PLNND SHUTDOWN", 
        "ImpactedCustomers" : 10, 
        "County" : "SAN MATEO", 
        "OutageStatus" : "Active", 
        "OutageType" : "Planned", 
        "GlobalID" : "a85c1d6a-0b66-4acb-9d5e-a0194368070b", 
        "OutageTypeColor" : "#a8a800", 
        "OutageStatusColor" : null, 
        "IncidentId" : "374255"
      }
    }, 
    {
      "type" : "Feature", 
      "id" : 43392872, 
      "geometry" : 
      {
        "type" : "Point", 
        "coordinates" : [
          -122.29586, 40.57465
        ]
      }, 
      "properties" : {
        "OBJECTID" : 43392872, 
        "UtilityCompany" : "PGE", 
        "StartDate" : 1791558240000, 
        "EstimatedRestoreDate" : 1791586800000, 
        "Cause" : "PLNND SHUTDOWN", 
        "ImpactedCustomers" : 3, 
        "County" : "SHASTA", 
        "OutageStatus" : "Active", 
        "OutageType" : "Planned", 
        "GlobalID" : "debe7abd-7bb6-4885-b1a3-beb0e287cdb9", 
        "OutageTypeColor" : "#a8a800", 
        "OutageStatusColor" : null, 
        "IncidentId" : "374272"
      }
    }, 
    {
      "type" : "Feature", 
      "id" : 43392873, 
      "geometry" : 
      {
        "type" : "Point", 
        "coordinates" : [
          -122.70013, 38.86051
        ]
      }, 
      "properties" : {
        "OBJECTID" : 43392873, 
        "UtilityCompany" : "PGE", 
        "StartDate" : 1791561805000, 
        "EstimatedRestoreDate" : 1791575100000, 
        "Cause" : null, 
        "ImpactedCustomers" : 1, 
        "County" : "LAKE", 
        "OutageStatus" : "Active", 
        "OutageType" : "Not Planned", 
        "GlobalID" : "9c9194ee-7290-4921-bb95-f292ca344d2c", 
        "OutageTypeColor" : "#ffaa00", 
        "OutageStatusColor" : null, 
        "IncidentId" : "374273"
      }
    }, 
    {
      "type" : "Feature", 
      "id" : 43392874, 
      "geometry" : 
      {
        "type" : "Point", 
        "coordinates" : [
          -120.84564, 35.35609
        ]
      }, 
      "properties" : {
        "OBJECTID" : 43392874, 
        "UtilityCompany" : "PGE", 
        "StartDate" : 1791562282000, 
        "EstimatedRestoreDate" : 1791582300000, 
        "Cause" : "EMERG REPAIRS", 
        "ImpactedCustomers" : 24, 
        "County" : "SAN LUIS OBISPO", 
        "OutageStatus" : "Active", 
        "OutageType" : "Not Planned", 
        "GlobalID" : "10efca2d-c22a-4936-91e4-16ed1e1f952b", 
        "OutageTypeColor" : "#ffaa00", 
        "OutageStatusColor" : null, 
        "IncidentId" : "374282"
      }
    }, 
    {
      "type" : "Feature", 
      "id" : 43392875, 
      "geometry" : 
      {
        "type" : "Point", 
        "coordinates" : [
          -122.30062, 38.37054
        ]
      }, 
      "properties" : {
        "OBJECTID" : 43392875, 
        "UtilityCompany" : "PGE", 
        "StartDate" : 1791561780000, 
        "EstimatedRestoreDate" : 1791598500000, 
        "Cause" : null, 
        "ImpactedCustomers" : 34, 
        "County" : "NAPA", 
        "OutageStatus" : "Active", 
        "OutageType" : "Not Planned", 
        "GlobalID" : "2e06fb24-e98f-403c-b576-8e685d54fb15", 
        "OutageTypeColor" : "#ffaa00", 
        "OutageStatusColor" : null, 
        "IncidentId" : "374283"
      }
    }, 
    {
      "type" : "Feature", 
      "id" : 43392876, 
      "geometry" : 
      {
        "type" : "Point", 
        "coordinates" : [
          -121.26721, 36.32525
        ]
      }, 
      "properties" : {
        "OBJECTID" : 43392876, 
        "UtilityCompany" : "PGE", 
        "StartDate" : 1791562260000, 
        "EstimatedRestoreDate" : 1791586800000, 
        "Cause" : "PLNND SHUTDOWN", 
        "ImpactedCustomers" : 6, 
        "County" : "MONTEREY", 
        "OutageStatus" : "Active", 
        "OutageType" : "Planned", 
        "GlobalID" : "5457a215-6f4a-4237-a1fc-1f3b83c5e546", 
        "OutageTypeColor" : "#a8a800", 
        "OutageStatusColor" : null, 
        "IncidentId" : "374285"
      }
    }, 
    {
      "type" : "Feature", 
      "id" : 43392877, 
      "geometry" : 
      {
        "type" : "Point", 
        "coordinates" : [
          -121.24317, 36.31687
        ]
      }, 
      "properties" : {
        "OBJECTID" : 43392877, 
        "UtilityCompany" : "PGE", 
        "StartDate" : 1791562320000, 
        "EstimatedRestoreDate" : 1791594000000, 
        "Cause" : "PLNND SHUTDOWN", 
        "ImpactedCustomers" : 32, 
        "County" : "MONTEREY", 
        "OutageStatus" : "Active", 
        "OutageType" : "Planned", 
        "GlobalID" : "c08995f1-b50c-4bde-b93e-3d82ad0f4574", 
        "OutageTypeColor" : "#a8a800", 
        "OutageStatusColor" : null, 
        "IncidentId" : "374288"
      }
    }, 
    {
      "type" : "Feature", 
      "id" : 43392878, 
      "geometry" : 
      {
        "type" : "Point", 
        "coordinates" : [
          -122.13688, 37.06021
        ]
      }, 
      "properties" : {
        "OBJECTID" : 43392878, 
        "UtilityCompany" : "PGE", 
        "StartDate" : 1791562096000, 
        "EstimatedRestoreDate" : 1791570600000, 
        "Cause" : "PLNND SHUTDOWN", 
        "ImpactedCustomers" : 2, 
        "County" : "SANTA CRUZ", 
        "OutageStatus" : "Active", 
        "OutageType" : "Planned", 
        "GlobalID" : "9cdce778-423b-4488-b869-7e8cfb518104", 
        "OutageTypeColor" : "#a8a800", 
        "OutageStatusColor" : null, 
        "IncidentId" : "374289"
      }
    }, 
    {
      "type" : "Feature", 
      "id" : 43392879, 
      "geometry" : 
      {
        "type" : "Point", 
        "coordinates" : [
          -122.10167, 37.66114
        ]
      }, 
      "properties" : {
        "OBJECTID" : 43392879, 
        "UtilityCompany" : "PGE", 
        "StartDate" : 1791562560000, 
        "EstimatedRestoreDate" : 1791594000000, 
        "Cause" : "PLNND SHUTDOWN", 
        "ImpactedCustomers" : 80, 
        "County" : "ALAMEDA", 
        "OutageStatus" : "Active", 
        "OutageType" : "Planned", 
        "GlobalID" : "422a1603-5c1d-4b3c-8402-2a912c7f5f53", 
        "OutageTypeColor" : "#a8a800", 
        "OutageStatusColor" : null, 
        "IncidentId" : "374292"
      }
    }, 
    {
      "type" : "Feature", 
      "id" : 43392880, 
      "geometry" : 
      {
        "type" : "Point", 
        "coordinates" : [
          -122.44174, 38.59057
        ]
      }, 
      "properties" : {
        "OBJECTID" : 43392880, 
        "UtilityCompany" : "PGE", 
        "StartDate" : 1791563070000, 
        "EstimatedRestoreDate" : 1791599400000, 
        "Cause" : null, 
        "ImpactedCustomers" : 5, 
        "County" : "NAPA", 
        "OutageStatus" : "Active", 
        "OutageType" : "Not Planned", 
        "GlobalID" : "02124e9b-a33d-4ed5-90f4-da1fb1d8643c", 
        "OutageTypeColor" : "#ffaa00", 
        "OutageStatusColor" : null, 
        "IncidentId" : "374299"
      }
    }, 
    {
      "type" : "Feature", 
      "id" : 43392881, 
      "geometry" : 
      {
        "type" : "Point", 
        "coordinates" : [
          -121.91124, 37.42511
        ]
      }, 
      "properties" : {
        "OBJECTID" : 43392881, 
        "UtilityCompany" : "PGE", 
        "StartDate" : 1791563082000, 
        "EstimatedRestoreDate" : 1791594000000, 
        "Cause" : null, 
        "ImpactedCustomers" : 1, 
        "County" : "SANTA CLARA", 
        "OutageStatus" : "Active", 
        "OutageType" : "Not Planned", 
        "GlobalID" : "189fc3f2-a3e5-4d84-9da1-7485f9268d00", 
        "OutageTypeColor" : "#ffaa00", 
        "OutageStatusColor" : null, 
        "IncidentId" : "374300"
      }
    }, 
    {
      "type" : "Feature", 
      "id" : 43392882, 
      "geometry" : 
      {
        "type" : "Point", 
        "coordinates" : [
          -119.11312, 35.37752
        ]
      }, 
      "properties" : {
        "OBJECTID" : 43392882, 
        "UtilityCompany" : "PGE", 
        "StartDate" : 1791563098000, 
        "EstimatedRestoreDate" : 1791583200000, 
        "Cause" : "EMERG REPAIRS", 
        "ImpactedCustomers" : 5, 
        "County" : "KERN", 
        "OutageStatus" : "Active", 
        "OutageType" : "Not Planned", 
        "GlobalID" : "abb7cc67-8a81-43af-b2da-e9656a2bcd38", 
        "OutageTypeColor" : "#ffaa00", 
        "OutageStatusColor" : null, 
        "IncidentId" : "374301"
      }
    }, 
    {
      "type" : "Feature", 
      "id" : 43392883, 
      "geometry" : 
      {
        "type" : "Point", 
        "coordinates" : [
          -122.10863, 37.66066
        ]
      }, 
      "properties" : {
        "OBJECTID" : 43392883, 
        "UtilityCompany" : "PGE", 
        "StartDate" : 1791563280000, 
        "EstimatedRestoreDate" : 1791594000000, 
        "Cause" : "PLNND SHUTDOWN", 
        "ImpactedCustomers" : 27, 
        "County" : "ALAMEDA", 
        "OutageStatus" : "Active", 
        "OutageType" : "Planned", 
        "GlobalID" : "ca605cb4-bcb8-441a-91b2-dcfbee899a9c", 
        "OutageTypeColor" : "#a8a800", 
        "OutageStatusColor" : null, 
        "IncidentId" : "374307"
      }
    }, 
    {
      "type" : "Feature", 
      "id" : 43392884, 
      "geometry" : 
      {
        "type" : "Point", 
        "coordinates" : [
          -120.86184, 39.16228
        ]
      }, 
      "properties" : {
        "OBJECTID" : 43392884, 
        "UtilityCompany" : "PGE", 
        "StartDate" : 1791562200000, 
        "EstimatedRestoreDate" : 1791590400000, 
        "Cause" : "PLNND SHUTDOWN", 
        "ImpactedCustomers" : 4, 
        "County" : "PLACER", 
        "OutageStatus" : "Active", 
        "OutageType" : "Planned", 
        "GlobalID" : "19ad2495-af84-49db-9980-3e904359a7d8", 
        "OutageTypeColor" : "#a8a800", 
        "OutageStatusColor" : null, 
        "IncidentId" : "374308"
      }
    }, 
    {
      "type" : "Feature", 
      "id" : 43392885, 
      "geometry" : 
      {
        "type" : "Point", 
        "coordinates" : [
          -119.34223, 36.50717
        ]
      }, 
      "properties" : {
        "OBJECTID" : 43392885, 
        "UtilityCompany" : "PGE", 
        "StartDate" : 1791563280000, 
        "EstimatedRestoreDate" : 1791579600000, 
        "Cause" : "PLNND SHUTDOWN", 
        "ImpactedCustomers" : 3, 
        "County" : "TULARE", 
        "OutageStatus" : "Active", 
        "OutageType" : "Planned", 
        "GlobalID" : "c4d3ee74-323c-4a5f-858e-9000e5a6ab3e", 
        "OutageTypeColor" : "#a8a800", 
        "OutageStatusColor" : null, 
        "IncidentId" : "374309"
      }
    }, 
    {
      "type" : "Feature", 
      "id" : 43392886, 
      "geometry" : 
      {
        "type" : "Point", 
        "coordinates" : [
          -120.18515, 37.84706
        ]
      }, 
      "properties" : {
        "OBJECTID" : 43392886, 
        "UtilityCompany" : "PGE", 
        "StartDate" : 1791563419000, 
        "EstimatedRestoreDate" : 1791585000000, 
        "Cause" : "PLNND SHUTDOWN", 
        "ImpactedCustomers" : 46, 
        "County" : "TUOLUMNE", 
        "OutageStatus" : "Active", 
        "OutageType" : "Planned", 
        "GlobalID" : "9b266588-9320-4acc-9543-89056fa5f6fd", 
        "OutageTypeColor" : "#a8a800", 
        "OutageStatusColor" : null, 
        "IncidentId" : "374312"
      }
    }, 
    {
      "type" : "Feature", 
      "id" : 43392887, 
      "geometry" : 
      {
        "type" : "Point", 
        "coordinates" : [
          -121.4326, 39.00621
        ]
      }, 
      "properties" : {
        "OBJECTID" : 43392887, 
        "UtilityCompany" : "PGE", 
        "StartDate" : 1791563512000, 
        "EstimatedRestoreDate" : 1791577800000, 
        "Cause" : null, 
        "ImpactedCustomers" : 1, 
        "County" : "YUBA", 
        "OutageStatus" : "Active", 
        "OutageType" : "Not Planned", 
        "GlobalID" : "6e3b273e-6796-4417-b2a3-7bd7353a48a6", 
        "OutageTypeColor" : "#ffaa00", 
        "OutageStatusColor" : null, 
        "IncidentId" : "374314"
      }
    }, 
    {
      "type" : "Feature", 
      "id" : 43392888, 
      "geometry" : 
      {
        "type" : "Point", 
        "coordinates" : [
          -120.859, 39.55299
        ]
      }, 
      "properties" : {
        "OBJECTID" : 43392888, 
        "UtilityCompany" : "PGE", 
        "StartDate" : 1791562800000, 
        "EstimatedRestoreDate" : 1791584100000, 
        "Cause" : "PLNND SHUTDOWN", 
        "ImpactedCustomers" : 3, 
        "County" : "SIERRA", 
        "OutageStatus" : "Active", 
        "OutageType" : "Planned", 
        "GlobalID" : "6003332b-0ec6-49d5-8e37-d18cc6dcdeed", 
        "OutageTypeColor" : "#a8a800", 
        "OutageStatusColor" : null, 
        "IncidentId" : "374315"
      }
    }, 
    {
      "type" : "Feature", 
      "id" : 43392889, 
      "geometry" : 
      {
        "type" : "Point", 
        "coordinates" : [
          -121.46858, 36.51547
        ]
      }, 
      "properties" : {
        "OBJECTID" : 43392889, 
        "UtilityCompany" : "PGE", 
        "StartDate" : 1791563640000, 
        "EstimatedRestoreDate" : 1791593100000, 
        "Cause" : "EMERG REPAIRS", 
        "ImpactedCustomers" : 1, 
        "County" : "MONTEREY", 
        "OutageStatus" : "Active", 
        "OutageType" : "Not Planned", 
        "GlobalID" : "068499f9-d9e6-4002-bdc9-53ba9328b6b1", 
        "OutageTypeColor" : "#ffaa00", 
        "OutageStatusColor" : null, 
        "IncidentId" : "374318"
      }
    }, 
    {
      "type" : "Feature", 
      "id" : 43392890, 
      "geometry" : 
      {
        "type" : "Point", 
        "coordinates" : [
          -122.19704, 38.11337
        ]
      }, 
      "properties" : {
        "OBJECTID" : 43392890, 
        "UtilityCompany" : "PGE", 
        "StartDate" : 1791561840000, 
        "EstimatedRestoreDate" : 1791579600000, 
        "Cause" : null, 
        "ImpactedCustomers" : 34, 
        "County" : "SOLANO", 
        "OutageStatus" : "Active", 
        "OutageType" : "Not Planned", 
        "GlobalID" : "a10a62d4-7d09-4120-b938-a5b1b47f98a2", 
        "OutageTypeColor" : "#ffaa00", 
        "OutageStatusColor" : null, 
        "IncidentId" : "374326"
      }
    }, 
    {
      "type" : "Feature", 
      "id" : 43392891, 
      "geometry" : 
      {
        "type" : "Point", 
        "coordinates" : [
          -121.86127, 37.41055
        ]
      }, 
      "properties" : {
        "OBJECTID" : 43392891, 
        "UtilityCompany" : "PGE", 
        "StartDate" : 1791564810000, 
        "EstimatedRestoreDate" : 1791577800000, 
        "Cause" : "PATROLLING", 
        "ImpactedCustomers" : 1, 
        "County" : "SANTA CLARA", 
        "OutageStatus" : "Active", 
        "OutageType" : "Not Planned", 
        "GlobalID" : "39f806ea-fc06-4012-9477-9599e08ff84e", 
        "OutageTypeColor" : "#ffaa00", 
        "OutageStatusColor" : null, 
        "IncidentId" : "374334"
      }
    }, 
    {
      "type" : "Feature", 
      "id" : 43392892, 
      "geometry" : 
      {
        "type" : "Point", 
        "coordinates" : [
          -121.77047, 38.68424
        ]
      }, 
      "properties" : {
        "OBJECTID" : 43392892, 
        "UtilityCompany" : "PGE", 
        "StartDate" : 1791564817000, 
        "EstimatedRestoreDate" : 1791582300000, 
        "Cause" : "PATROLLING", 
        "ImpactedCustomers" : 1, 
        "County" : "YOLO", 
        "OutageStatus" : "Active", 
        "OutageType" : "Not Planned", 
        "GlobalID" : "1b1c15b6-7ff4-4b4e-850a-c34369db4eda", 
        "OutageTypeColor" : "#ffaa00", 
        "OutageStatusColor" : null, 
        "IncidentId" : "374335"
      }
    }, 
    {
      "type" : "Feature", 
      "id" : 43392893, 
      "geometry" : 
      {
        "type" : "Point", 
        "coordinates" : [
          -122.45605, 37.72484
        ]
      }, 
      "properties" : {
        "OBJECTID" : 43392893, 
        "UtilityCompany" : "PGE", 
        "StartDate" : 1791564909000, 
        "EstimatedRestoreDate" : 1791587700000, 
        "Cause" : null, 
        "ImpactedCustomers" : 1, 
        "County" : "SAN FRANCISCO", 
        "OutageStatus" : "Active", 
        "OutageType" : "Not Planned", 
        "GlobalID" : "76de9221-4dfa-4ee2-ae6a-ea96f04151dc", 
        "OutageTypeColor" : "#ffaa00", 
        "OutageStatusColor" : null, 
        "IncidentId" : "374336"
      }
    }, 
    {
      "type" : "Feature", 
      "id" : 43392894, 
      "geometry" : 
      {
        "type" : "Point", 
        "coordinates" : [
          -121.88857, 37.63282
        ]
      }, 
      "properties" : {
        "OBJECTID" : 43392894, 
        "UtilityCompany" : "PGE", 
        "StartDate" : 1791564660000, 
        "EstimatedRestoreDate" : 1791594000000, 
        "Cause" : "PLNND SHUTDOWN", 
        "ImpactedCustomers" : 11, 
        "County" : "ALAMEDA", 
        "OutageStatus" : "Active", 
        "OutageType" : "Planned", 
        "GlobalID" : "fc7d6977-cd6d-4764-802a-b6e120ff42ec", 
        "OutageTypeColor" : "#a8a800", 
        "OutageStatusColor" : null, 
        "IncidentId" : "374337"
      }
    }, 
    {
      "type" : "Feature", 
      "id" : 43392895, 
      "geometry" : 
      {
        "type" : "Point", 
        "coordinates" : [
          -122.03577, 37.26716
        ]
      }, 
      "properties" : {
        "OBJECTID" : 43392895, 
        "UtilityCompany" : "PGE", 
        "StartDate" : 1791565032000, 
        "EstimatedRestoreDate" : 1791578700000, 
        "Cause" : null, 
        "ImpactedCustomers" : 1, 
        "County" : "SANTA CLARA", 
        "OutageStatus" : "Active", 
        "OutageType" : "Not Planned", 
        "GlobalID" : "8ffd0e94-bc79-4336-a208-f7f7a0617597", 
        "OutageTypeColor" : "#ffaa00", 
        "OutageStatusColor" : null, 
        "IncidentId" : "374338"
      }
    }, 
    {
      "type" : "Feature", 
      "id" : 43392896, 
      "geometry" : 
      {
        "type" : "Point", 
        "coordinates" : [
          -121.42334, 37.8217
        ]
      }, 
      "properties" : {
        "OBJECTID" : 43392896, 
        "UtilityCompany" : "PGE", 
        "StartDate" : 1791565317000, 
        "EstimatedRestoreDate" : 1791602100000, 
        "Cause" : "PATROLLING", 
        "ImpactedCustomers" : 17, 
        "County" : "SAN JOAQUIN", 
        "OutageStatus" : "Active", 
        "OutageType" : "Not Planned", 
        "GlobalID" : "2271411c-b3c9-423e-a2b8-5b57660acd60", 
        "OutageTypeColor" : "#ffaa00", 
        "OutageStatusColor" : null, 
        "IncidentId" : "374341"
      }
    }, 
    {
      "type" : "Feature", 
      "id" : 43392897, 
      "geometry" : 
      {
        "type" : "Point", 
        "coordinates" : [
          -121.77414, 37.67665
        ]
      }, 
      "properties" : {
        "OBJECTID" : 43392897, 
        "UtilityCompany" : "PGE", 
        "StartDate" : 1791565412000, 
        "EstimatedRestoreDate" : 1791577800000, 
        "Cause" : null, 
        "ImpactedCustomers" : 1, 
        "County" : "ALAMEDA", 
        "OutageStatus" : "Active", 
        "OutageType" : "Not Planned", 
        "GlobalID" : "8c1056e2-690d-4813-9bfe-86fd5920b441", 
        "OutageTypeColor" : "#ffaa00", 
        "OutageStatusColor" : null, 
        "IncidentId" : "374343"
      }
    }, 
    {
      "type" : "Feature", 
      "id" : 43392898, 
      "geometry" : 
      {
        "type" : "Point", 
        "coordinates" : [
          -121.98929, 36.99065
        ]
      }, 
      "properties" : {
        "OBJECTID" : 43392898, 
        "UtilityCompany" : "PGE", 
        "StartDate" : 1791566437000, 
        "EstimatedRestoreDate" : 1791579600000, 
        "Cause" : "BRKN UG EQUIPMNT", 
        "ImpactedCustomers" : 14, 
        "County" : "SANTA CRUZ", 
        "OutageStatus" : "Active", 
        "OutageType" : "Not Planned", 
        "GlobalID" : "1cddc917-901d-43c5-82b6-7405c5a2ca72", 
        "OutageTypeColor" : "#ffaa00", 
        "OutageStatusColor" : null, 
        "IncidentId" : "374351"
      }
    }, 
    {
      "type" : "Feature", 
      "id" : 43392899, 
      "geometry" : 
      {
        "type" : "Point", 
        "coordinates" : [
          -122.44332, 38.58587
        ]
      }, 
      "properties" : {
        "OBJECTID" : 43392899, 
        "UtilityCompany" : "PGE", 
        "StartDate" : 1791566561000, 
        "EstimatedRestoreDate" : 1791598500000, 
        "Cause" : null, 
        "ImpactedCustomers" : 5, 
        "County" : "NAPA", 
        "OutageStatus" : "Active", 
        "OutageType" : "Not Planned", 
        "GlobalID" : "e1d9c69c-d8ce-4ca9-9efe-e97479c120e2", 
        "OutageTypeColor" : "#ffaa00", 
        "OutageStatusColor" : null, 
        "IncidentId" : "374352"
      }
    }, 
    {
      "type" : "Feature", 
      "id" : 43392900, 
      "geometry" : 
      {
        "type" : "Point", 
        "coordinates" : [
          -120.07428, 36.88214
        ]
      }, 
      "properties" : {
        "OBJECTID" : 43392900, 
        "UtilityCompany" : "PGE", 
        "StartDate" : 1791566806000, 
        "EstimatedRestoreDate" : 1791585000000, 
        "Cause" : "EMERG REPAIRS", 
        "ImpactedCustomers" : 12, 
        "County" : "MADERA", 
        "OutageStatus" : "Active", 
        "OutageType" : "Not Planned", 
        "GlobalID" : "5411d1c4-91ad-454a-b643-c84d7be25c49", 
        "OutageTypeColor" : "#ffaa00", 
        "OutageStatusColor" : null, 
        "IncidentId" : "374355"
      }
    }, 
    {
      "type" : "Feature", 
      "id" : 43392901, 
      "geometry" : 
      {
        "type" : "Point", 
        "coordinates" : [
          -121.85678, 37.3755
        ]
      }, 
      "properties" : {
        "OBJECTID" : 43392901, 
        "UtilityCompany" : "PGE", 
        "StartDate" : 1791566890000, 
        "EstimatedRestoreDate" : 1791582300000, 
        "Cause" : "BRKN UG EQUIPMNT", 
        "ImpactedCustomers" : 26, 
        "County" : "SANTA CLARA", 
        "OutageStatus" : "Active", 
        "OutageType" : "Not Planned", 
        "GlobalID" : "6485d3ed-f07c-48ed-ac12-fc11531cc317", 
        "OutageTypeColor" : "#ffaa00", 
        "OutageStatusColor" : null, 
        "IncidentId" : "374358"
      }
    }, 
    {
      "type" : "Feature", 
      "id" : 43392902, 
      "geometry" : 
      {
        "type" : "Point", 
        "coordinates" : [
          -121.88524, 37.32903
        ]
      }, 
      "properties" : {
        "OBJECTID" : 43392902, 
        "UtilityCompany" : "PGE", 
        "StartDate" : 1791567275000, 
        "EstimatedRestoreDate" : 1791579600000, 
        "Cause" : "PLNND SHUTDOWN", 
        "ImpactedCustomers" : 14, 
        "County" : "SANTA CLARA", 
        "OutageStatus" : "Active", 
        "OutageType" : "Planned", 
        "GlobalID" : "be3a6049-8701-486b-b886-d9d327b55dbc", 
        "OutageTypeColor" : "#a8a800", 
        "OutageStatusColor" : null, 
        "IncidentId" : "374365"
      }
    }, 
    {
      "type" : "Feature", 
      "id" : 43392903, 
      "geometry" : 
      {
        "type" : "Point", 
        "coordinates" : [
          -121.80159, 36.946
        ]
      }, 
      "properties" : {
        "OBJECTID" : 43392903, 
        "UtilityCompany" : "PGE", 
        "StartDate" : 1791567820000, 
        "EstimatedRestoreDate" : 1791594900000, 
        "Cause" : "EMERG REPAIRS", 
        "ImpactedCustomers" : 1, 
        "County" : "SANTA CRUZ", 
        "OutageStatus" : "Active", 
        "OutageType" : "Not Planned", 
        "GlobalID" : "6dccc532-3e27-4769-a8c7-52f3e4be0d8d", 
        "OutageTypeColor" : "#ffaa00", 
        "OutageStatusColor" : null, 
        "IncidentId" : "374372"
      }
    }, 
    {
      "type" : "Feature", 
      "id" : 43392904, 
      "geometry" : 
      {
        "type" : "Point", 
        "coordinates" : [
          -121.89158, 37.6347
        ]
      }, 
      "properties" : {
        "OBJECTID" : 43392904, 
        "UtilityCompany" : "PGE", 
        "StartDate" : 1791567832000, 
        "EstimatedRestoreDate" : 1791603000000, 
        "Cause" : null, 
        "ImpactedCustomers" : 1, 
        "County" : "ALAMEDA", 
        "OutageStatus" : "Active", 
        "OutageType" : "Not Planned", 
        "GlobalID" : "576a8745-53b9-4d74-9990-bbb6ce06ddbf", 
        "OutageTypeColor" : "#ffaa00", 
        "OutageStatusColor" : null, 
        "IncidentId" : "374374"
      }
    }, 
    {
      "type" : "Feature", 
      "id" : 43392905, 
      "geometry" : 
      {
        "type" : "Point", 
        "coordinates" : [
          -121.85806, 37.37488
        ]
      }, 
      "properties" : {
        "OBJECTID" : 43392905, 
        "UtilityCompany" : "PGE", 
        "StartDate" : 1791567480000, 
        "EstimatedRestoreDate" : 1791585000000, 
        "Cause" : null, 
        "ImpactedCustomers" : 25, 
        "County" : "SANTA CLARA", 
        "OutageStatus" : "Active", 
        "OutageType" : "Not Planned", 
        "GlobalID" : "7dcc2f85-e4b7-4f7f-88b1-def7bb7aa34e", 
        "OutageTypeColor" : "#ffaa00", 
        "OutageStatusColor" : null, 
        "IncidentId" : "374380"
      }
    }, 
    {
      "type" : "Feature", 
      "id" : 43392906, 
      "geometry" : 
      {
        "type" : "Point", 
        "coordinates" : [
          -121.28003, 36.36687
        ]
      }, 
      "properties" : {
        "OBJECTID" : 43392906, 
        "UtilityCompany" : "PGE", 
        "StartDate" : 1791567900000, 
        "EstimatedRestoreDate" : 1791603900000, 
        "Cause" : "PATROLLING", 
        "ImpactedCustomers" : 229, 
        "County" : "MONTEREY", 
        "OutageStatus" : "Active", 
        "OutageType" : "Not Planned", 
        "GlobalID" : "f815cdc8-6d9c-4ba8-9ce4-a954c025e5bd", 
        "OutageTypeColor" : "#ffaa00", 
        "OutageStatusColor" : null, 
        "IncidentId" : "374386"
      }
    }, 
    {
      "type" : "Feature", 
      "id" : 43392907, 
      "geometry" : 
      {
        "type" : "Point", 
        "coordinates" : [
          -119.71501, 36.75699
        ]
      }, 
      "properties" : {
        "OBJECTID" : 43392907, 
        "UtilityCompany" : "PGE", 
        "StartDate" : 1791568952000, 
        "EstimatedRestoreDate" : 1791583200000, 
        "Cause" : "EMERG REPAIRS", 
        "ImpactedCustomers" : 11, 
        "County" : "FRESNO", 
        "OutageStatus" : "Active", 
        "OutageType" : "Not Planned", 
        "GlobalID" : "f7d616ff-8144-4f87-bd21-3af0496b36d9", 
        "OutageTypeColor" : "#ffaa00", 
        "OutageStatusColor" : null, 
        "IncidentId" : "374395"
      }
    }, 
    {
      "type" : "Feature", 
      "id" : 43392908, 
      "geometry" : 
      {
        "type" : "Point", 
        "coordinates" : [
          -121.16262, 39.30628
        ]
      }, 
      "properties" : {
        "OBJECTID" : 43392908, 
        "UtilityCompany" : "PGE", 
        "StartDate" : 1791558118000, 
        "EstimatedRestoreDate" : 1791586800000, 
        "Cause" : "PLNND SHUTDOWN", 
        "ImpactedCustomers" : 4, 
        "County" : "NEVADA", 
        "OutageStatus" : "Active", 
        "OutageType" : "Planned", 
        "GlobalID" : "74b2bdef-5425-4c53-8f61-ac7e8bf05f25", 
        "OutageTypeColor" : "#a8a800", 
        "OutageStatusColor" : null, 
        "IncidentId" : "374396"
      }
    }, 
    {
      "type" : "Feature", 
      "id" : 43392909, 
      "geometry" : 
      {
        "type" : "Point", 
        "coordinates" : [
          -121.07851, 37.03317
        ]
      }, 
      "properties" : {
        "OBJECTID" : 43392909, 
        "UtilityCompany" : "PGE", 
        "StartDate" : 1791569503000, 
        "EstimatedRestoreDate" : 1791587700000, 
        "Cause" : "EMERG REPAIRS", 
        "ImpactedCustomers" : 12, 
        "County" : "MERCED", 
        "OutageStatus" : "Active", 
        "OutageType" : "Not Planned", 
        "GlobalID" : "45429efd-50b1-433e-9190-54de808cd62a", 
        "OutageTypeColor" : "#ffaa00", 
        "OutageStatusColor" : null, 
        "IncidentId" : "374403"
      }
    }, 
    {
      "type" : "Feature", 
      "id" : 43392910, 
      "geometry" : 
      {
        "type" : "Point", 
        "coordinates" : [
          -119.78999, 36.78523
        ]
      }, 
      "properties" : {
        "OBJECTID" : 43392910, 
        "UtilityCompany" : "PGE", 
        "StartDate" : 1791569576000, 
        "EstimatedRestoreDate" : 1791596700000, 
        "Cause" : "REPLCE SRVC", 
        "ImpactedCustomers" : 1, 
        "County" : "FRESNO", 
        "OutageStatus" : "Active", 
        "OutageType" : "Not Planned", 
        "GlobalID" : "d4ef5265-cba5-4878-a7b3-1842803ccf53", 
        "OutageTypeColor" : "#ffaa00", 
        "OutageStatusColor" : null, 
        "IncidentId" : "374404"
      }
    }, 
    {
      "type" : "Feature", 
      "id" : 43392911, 
      "geometry" : 
      {
        "type" : "Point", 
        "coordinates" : [
          -119.80035, 36.82647
        ]
      }, 
      "properties" : {
        "OBJECTID" : 43392911, 
        "UtilityCompany" : "PGE", 
        "StartDate" : 1791569676000, 
        "EstimatedRestoreDate" : 1791589500000, 
        "Cause" : "BRKN POLE EQUIPMNT", 
        "ImpactedCustomers" : 1, 
        "County" : "FRESNO", 
        "OutageStatus" : "Active", 
        "OutageType" : "Not Planned", 
        "GlobalID" : "2096773f-4c02-4161-94a7-3a5620e51c57", 
        "OutageTypeColor" : "#ffaa00", 
        "OutageStatusColor" : null, 
        "IncidentId" : "374405"
      }
    }, 
    {
      "type" : "Feature", 
      "id" : 43392912, 
      "geometry" : 
      {
        "type" : "Point", 
        "coordinates" : [
          -121.89971, 36.96589
        ]
      }, 
      "properties" : {
        "OBJECTID" : 43392912, 
        "UtilityCompany" : "PGE", 
        "StartDate" : 1791570027000, 
        "EstimatedRestoreDate" : 1791585000000, 
        "Cause" : "PATROLLING", 
        "ImpactedCustomers" : 1, 
        "County" : null, 
        "OutageStatus" : "Active", 
        "OutageType" : "Not Planned", 
        "GlobalID" : "6e6f1170-1965-4c5e-8fee-e6abdd0b0389", 
        "OutageTypeColor" : "#ffaa00", 
        "OutageStatusColor" : null, 
        "IncidentId" : "374411"
      }
    }, 
    {
      "type" : "Feature", 
      "id" : 43392913, 
      "geometry" : 
      {
        "type" : "Point", 
        "coordinates" : [
          -119.81236, 36.72695
        ]
      }, 
      "properties" : {
        "OBJECTID" : 43392913, 
        "UtilityCompany" : "PGE", 
        "StartDate" : 1791570870000, 
        "EstimatedRestoreDate" : 1791584100000, 
        "Cause" : null, 
        "ImpactedCustomers" : 1, 
        "County" : "FRESNO", 
        "OutageStatus" : "Active", 
        "OutageType" : "Not Planned", 
        "GlobalID" : "2bcc7459-3aca-4c5e-b9f0-7ed793ecc551", 
        "OutageTypeColor" : "#ffaa00", 
        "OutageStatusColor" : null, 
        "IncidentId" : "374421"
      }
    }, 
    {
      "type" : "Feature", 
      "id" : 43392914, 
      "geometry" : 
      {
        "type" : "Point", 
        "coordinates" : [
          -122.03561, 37.38749
        ]
      }, 
      "properties" : {
        "OBJECTID" : 43392914, 
        "UtilityCompany" : "PGE", 
        "StartDate" : 1791571281000, 
        "EstimatedRestoreDate" : 1791605700000, 
        "Cause" : "PATROLLING", 
        "ImpactedCustomers" : 1, 
        "County" : "SANTA CLARA", 
        "OutageStatus" : "Active", 
        "OutageType" : "Not Planned", 
        "GlobalID" : "499ca2e4-d057-4c3b-866f-2f450a6e6c05", 
        "OutageTypeColor" : "#ffaa00", 
        "OutageStatusColor" : null, 
        "IncidentId" : "374425"
      }
    }, 
    {
      "type" : "Feature", 
      "id" : 43392915, 
      "geometry" : 
      {
        "type" : "Point", 
        "coordinates" : [
          -122.41418, 37.80841
        ]
      }, 
      "properties" : {
        "OBJECTID" : 43392915, 
        "UtilityCompany" : "PGE", 
        "StartDate" : 1791571276000, 
        "EstimatedRestoreDate" : 1791607500000, 
        "Cause" : "PATROLLING", 
        "ImpactedCustomers" : 27, 
        "County" : "SAN FRANCISCO", 
        "OutageStatus" : "Active", 
        "OutageType" : "Not Planned", 
        "GlobalID" : "0ae25ad2-cafc-4e9a-a2bb-1e1468cf5264", 
        "OutageTypeColor" : "#ffaa00", 
        "OutageStatusColor" : null, 
        "IncidentId" : "374426"
      }
    }, 
    {
      "type" : "Feature", 
      "id" : 43392916, 
      "geometry" : 
      {
        "type" : "Point", 
        "coordinates" : [
          -122.24304, 37.46817
        ]
      }, 
      "properties" : {
        "OBJECTID" : 43392916, 
        "UtilityCompany" : "PGE", 
        "StartDate" : 1791571391000, 
        "EstimatedRestoreDate" : 1791593100000, 
        "Cause" : null, 
        "ImpactedCustomers" : 1, 
        "County" : "SAN MATEO", 
        "OutageStatus" : "Active", 
        "OutageType" : "Not Planned", 
        "GlobalID" : "63e64f23-3c88-4380-b3b0-85ba20c8e7dd", 
        "OutageTypeColor" : "#ffaa00", 
        "OutageStatusColor" : null, 
        "IncidentId" : "374427"
      }
    }, 
    {
      "type" : "Feature", 
      "id" : 43392917, 
      "geometry" : 
      {
        "type" : "Point", 
        "coordinates" : [
          -122.14265, 37.72868
        ]
      }, 
      "properties" : {
        "OBJECTID" : 43392917, 
        "UtilityCompany" : "PGE", 
        "StartDate" : 1791571692000, 
        "EstimatedRestoreDate" : 1791582300000, 
        "Cause" : "EMERG REPAIRS", 
        "ImpactedCustomers" : 22, 
        "County" : "ALAMEDA", 
        "OutageStatus" : "Active", 
        "OutageType" : "Not Planned", 
        "GlobalID" : "bb15a65d-da81-4beb-8b9a-42157e2d5a3b", 
        "OutageTypeColor" : "#ffaa00", 
        "OutageStatusColor" : null, 
        "IncidentId" : "374428"
      }
    }, 
    {
      "type" : "Feature", 
      "id" : 43392918, 
      "geometry" : 
      {
        "type" : "Point", 
        "coordinates" : [
          -122.73954, 38.42544
        ]
      }, 
      "properties" : {
        "OBJECTID" : 43392918, 
        "UtilityCompany" : "PGE", 
        "StartDate" : 1791571726000, 
        "EstimatedRestoreDate" : 1791584100000, 
        "Cause" : "PATROLLING", 
        "ImpactedCustomers" : 12, 
        "County" : "SONOMA", 
        "OutageStatus" : "Active", 
        "OutageType" : "Not Planned", 
        "GlobalID" : "2aeac118-9093-41b1-be4a-a6d9f4842d35", 
        "OutageTypeColor" : "#ffaa00", 
        "OutageStatusColor" : null, 
        "IncidentId" : "374429"
      }
    }, 
    {
      "type" : "Feature", 
      "id" : 43392919, 
      "geometry" : 
      {
        "type" : "Point", 
        "coordinates" : [
          -121.40148, 36.4547
        ]
      }, 
      "properties" : {
        "OBJECTID" : 43392919, 
        "UtilityCompany" : "PGE", 
        "StartDate" : 1791571926000, 
        "EstimatedRestoreDate" : 1791606600000, 
        "Cause" : "PATROLLING", 
        "ImpactedCustomers" : 1, 
        "County" : "MONTEREY", 
        "OutageStatus" : "Active", 
        "OutageType" : "Not Planned", 
        "GlobalID" : "6f4aeddf-9b47-4aae-9a7c-17005103c8c5", 
        "OutageTypeColor" : "#ffaa00", 
        "OutageStatusColor" : null, 
        "IncidentId" : "374435"
      }
    }, 
    {
      "type" : "Feature", 
      "id" : 43392920, 
      "geometry" : 
      {
        "type" : "Point", 
        "coordinates" : [
          -119.77697, 36.75907
        ]
      }, 
      "properties" : {
        "OBJECTID" : 43392920, 
        "UtilityCompany" : "PGE", 
        "StartDate" : 1791572045000, 
        "EstimatedRestoreDate" : 1791599400000, 
        "Cause" : null, 
        "ImpactedCustomers" : 1, 
        "County" : "FRESNO", 
        "OutageStatus" : "Active", 
        "OutageType" : "Not Planned", 
        "GlobalID" : "1d494e37-c8f9-41e8-8304-787658b639fc", 
        "OutageTypeColor" : "#ffaa00", 
        "OutageStatusColor" : null, 
        "IncidentId" : "374436"
      }
    }, 
    {
      "type" : "Feature", 
      "id" : 43392921, 
      "geometry" : 
      {
        "type" : "Point", 
        "coordinates" : [
          -122.02921, 37.55646
        ]
      }, 
      "properties" : {
        "OBJECTID" : 43392921, 
        "UtilityCompany" : "PGE", 
        "StartDate" : 1791572101000, 
        "EstimatedRestoreDate" : 1791588600000, 
        "Cause" : null, 
        "ImpactedCustomers" : 1, 
        "County" : "ALAMEDA", 
        "OutageStatus" : "Active", 
        "OutageType" : "Not Planned", 
        "GlobalID" : "4e43f02f-075f-4d1f-b41a-39d518fced6a", 
        "OutageTypeColor" : "#ffaa00", 
        "OutageStatusColor" : null, 
        "IncidentId" : "374437"
      }
    }, 
    {
      "type" : "Feature", 
      "id" : 43392922, 
      "geometry" : 
      {
        "type" : "Point", 
        "coordinates" : [
          -119.5985, 35.57189
        ]
      }, 
      "properties" : {
        "OBJECTID" : 43392922, 
        "UtilityCompany" : "PGE", 
        "StartDate" : 1791572040000, 
        "EstimatedRestoreDate" : 1791608400000, 
        "Cause" : "PATROLLING", 
        "ImpactedCustomers" : 7, 
        "County" : "KERN", 
        "OutageStatus" : "Active", 
        "OutageType" : "Not Planned", 
        "GlobalID" : "92122c73-437c-4642-b6ea-3ec926bf54b3", 
        "OutageTypeColor" : "#ffaa00", 
        "OutageStatusColor" : null, 
        "IncidentId" : "374439"
      }
    }, 
    {
      "type" : "Feature", 
      "id" : 43392923, 
      "geometry" : 
      {
        "type" : "Point", 
        "coordinates" : [
          -119.7133, 36.75699
        ]
      }, 
      "properties" : {
        "OBJECTID" : 43392923, 
        "UtilityCompany" : "PGE", 
        "StartDate" : 1791572266000, 
        "EstimatedRestoreDate" : 1791587700000, 
        "Cause" : null, 
        "ImpactedCustomers" : 1, 
        "County" : "FRESNO", 
        "OutageStatus" : "Active", 
        "OutageType" : "Not Planned", 
        "GlobalID" : "a80eed4f-187e-4561-aed1-af6a3fe5b56d", 
        "OutageTypeColor" : "#ffaa00", 
        "OutageStatusColor" : null, 
        "IncidentId" : "374442"
      }
    }, 
    {
      "type" : "Feature", 
      "id" : 43392924, 
      "geometry" : 
      {
        "type" : "Point", 
        "coordinates" : [
          -120.54062, 38.35402
        ]
      }, 
      "properties" : {
        "OBJECTID" : 43392924, 
        "UtilityCompany" : "PGE", 
        "StartDate" : 1791572400000, 
        "EstimatedRestoreDate" : 1791590400000, 
        "Cause" : "PLNND SHUTDOWN", 
        "ImpactedCustomers" : 4, 
        "County" : "CALAVERAS", 
        "OutageStatus" : "Active", 
        "OutageType" : "Planned", 
        "GlobalID" : "b4e2bf12-2376-4878-8909-258a39c68fd1", 
        "OutageTypeColor" : "#a8a800", 
        "OutageStatusColor" : null, 
        "IncidentId" : "374444"
      }
    }, 
    {
      "type" : "Feature", 
      "id" : 43392925, 
      "geometry" : 
      {
        "type" : "Point", 
        "coordinates" : [
          -122.3849, 37.72856
        ]
      }, 
      "properties" : {
        "OBJECTID" : 43392925, 
        "UtilityCompany" : "PGE", 
        "StartDate" : 1791572514000, 
        "EstimatedRestoreDate" : 1791585000000, 
        "Cause" : null, 
        "ImpactedCustomers" : 1, 
        "County" : "SAN FRANCISCO", 
        "OutageStatus" : "Active", 
        "OutageType" : "Not Planned", 
        "GlobalID" : "c5387d07-73d7-4227-8ada-e2f16e0ba4a3", 
        "OutageTypeColor" : "#ffaa00", 
        "OutageStatusColor" : null, 
        "IncidentId" : "374445"
      }
    }, 
    {
      "type" : "Feature", 
      "id" : 43392926, 
      "geometry" : 
      {
        "type" : "Point", 
        "coordinates" : [
          -121.69001, 37.6934
        ]
      }, 
      "properties" : {
        "OBJECTID" : 43392926, 
        "UtilityCompany" : "PGE", 
        "StartDate" : 1791572523000, 
        "EstimatedRestoreDate" : 1791609300000, 
        "Cause" : null, 
        "ImpactedCustomers" : 1, 
        "County" : "ALAMEDA", 
        "OutageStatus" : "Active", 
        "OutageType" : "Not Planned", 
        "GlobalID" : "7b5151c6-f51b-4d61-9b09-bae3d094d2be", 
        "OutageTypeColor" : "#ffaa00", 
        "OutageStatusColor" : null, 
        "IncidentId" : "374446"
      }
    }, 
    {
      "type" : "Feature", 
      "id" : 43392927, 
      "geometry" : 
      {
        "type" : "Point", 
        "coordinates" : [
          -120.80414, 39.2095
        ]
      }, 
      "properties" : {
        "OBJECTID" : 43392927, 
        "UtilityCompany" : "PGE", 
        "StartDate" : 1791572302000, 
        "EstimatedRestoreDate" : 1791586800000, 
        "Cause" : "PLNND SHUTDOWN", 
        "ImpactedCustomers" : 3, 
        "County" : "PLACER", 
        "OutageStatus" : "Active", 
        "OutageType" : "Planned", 
        "GlobalID" : "04f5888d-1bed-4b4e-95b5-7b4055d612da", 
        "OutageTypeColor" : "#a8a800", 
        "OutageStatusColor" : null, 
        "IncidentId" : "374447"
      }
    }, 
    {
      "type" : "Feature", 
      "id" : 43392928, 
      "geometry" : 
      {
        "type" : "Point", 
        "coordinates" : [
          -121.98028, 38.36534
        ]
      }, 
      "properties" : {
        "OBJECTID" : 43392928, 
        "UtilityCompany" : "PGE", 
        "StartDate" : 1791572688000, 
        "EstimatedRestoreDate" : 1791589500000, 
        "Cause" : "PATROLLING", 
        "ImpactedCustomers" : 1, 
        "County" : "SOLANO", 
        "OutageStatus" : "Active", 
        "OutageType" : "Not Planned", 
        "GlobalID" : "c423b57b-f1d1-470a-ba35-350776251c81", 
        "OutageTypeColor" : "#ffaa00", 
        "OutageStatusColor" : null, 
        "IncidentId" : "374448"
      }
    }, 
    {
      "type" : "Feature", 
      "id" : 43392929, 
      "geometry" : 
      {
        "type" : "Point", 
        "coordinates" : [
          -119.91848, 37.52485
        ]
      }, 
      "properties" : {
        "OBJECTID" : 43392929, 
        "UtilityCompany" : "PGE", 
        "StartDate" : 1791572783000, 
        "EstimatedRestoreDate" : 1791587700000, 
        "Cause" : null, 
        "ImpactedCustomers" : 16, 
        "County" : "MARIPOSA", 
        "OutageStatus" : "Active", 
        "OutageType" : "Not Planned", 
        "GlobalID" : "a27436f4-468a-4b9f-ad06-4ffc829b4779", 
        "OutageTypeColor" : "#ffaa00", 
        "OutageStatusColor" : null, 
        "IncidentId" : "374449"
      }
    }, 
    {
      "type" : "Feature", 
      "id" : 43392930, 
      "geometry" : 
      {
        "type" : "Point", 
        "coordinates" : [
          -121.29565, 37.96464
        ]
      }, 
      "properties" : {
        "OBJECTID" : 43392930, 
        "UtilityCompany" : "PGE", 
        "StartDate" : 1791572810000, 
        "EstimatedRestoreDate" : 1791603900000, 
        "Cause" : "PATROLLING", 
        "ImpactedCustomers" : 1, 
        "County" : "SAN JOAQUIN", 
        "OutageStatus" : "Active", 
        "OutageType" : "Not Planned", 
        "GlobalID" : "dc2e8670-e29d-48dd-837e-1514650a9134", 
        "OutageTypeColor" : "#ffaa00", 
        "OutageStatusColor" : null, 
        "IncidentId" : "374450"
      }
    }, 
    {
      "type" : "Feature", 
      "id" : 43392931, 
      "geometry" : 
      {
        "type" : "Point", 
        "coordinates" : [
          -121.54335, 39.50796
        ]
      }, 
      "properties" : {
        "OBJECTID" : 43392931, 
        "UtilityCompany" : "PGE", 
        "StartDate" : 1791572873000, 
        "EstimatedRestoreDate" : 1791603000000, 
        "Cause" : "PATROLLING", 
        "ImpactedCustomers" : 1, 
        "County" : "BUTTE", 
        "OutageStatus" : "Active", 
        "OutageType" : "Not Planned", 
        "GlobalID" : "2f9e1e55-7b58-466f-b335-3289d46e6d28", 
        "OutageTypeColor" : "#ffaa00", 
        "OutageStatusColor" : null, 
        "IncidentId" : "374452"
      }
    }, 
    {
      "type" : "Feature", 
      "id" : 43392932, 
      "geometry" : 
      {
        "type" : "Point", 
        "coordinates" : [
          -122.44265, 38.48256
        ]
      }, 
      "properties" : {
        "OBJECTID" : 43392932, 
        "UtilityCompany" : "PGE", 
        "StartDate" : 1791572841000, 
        "EstimatedRestoreDate" : 1791589500000, 
        "Cause" : null, 
        "ImpactedCustomers" : 60, 
        "County" : "NAPA", 
        "OutageStatus" : "Active", 
        "OutageType" : "Not Planned", 
        "GlobalID" : "93868c3d-60ee-4d34-b1a4-d57d59e62650", 
        "OutageTypeColor" : "#ffaa00", 
        "OutageStatusColor" : null, 
        "IncidentId" : "374454"
      }
    }, 
    {
      "type" : "Feature", 
      "id" : 43392933, 
      "geometry" : 
      {
        "type" : "Point", 
        "coordinates" : [
          -121.69405, 38.20823
        ]
      }, 
      "properties" : {
        "OBJECTID" : 43392933, 
        "UtilityCompany" : "PGE", 
        "StartDate" : 1791573053000, 
        "EstimatedRestoreDate" : 1791609300000, 
        "Cause" : null, 
        "ImpactedCustomers" : 10, 
        "County" : "SOLANO", 
        "OutageStatus" : "Active", 
        "OutageType" : "Not Planned", 
        "GlobalID" : "d2f87964-d131-4b6a-a01f-1cfaee939e15", 
        "OutageTypeColor" : "#ffaa00", 
        "OutageStatusColor" : null, 
        "IncidentId" : "374455"
      }
    }, 
    {
      "type" : "Feature", 
      "id" : 43392934, 
      "geometry" : 
      {
        "type" : "Point", 
        "coordinates" : [
          -121.70277, 38.20395
        ]
      }, 
      "properties" : {
        "OBJECTID" : 43392934, 
        "UtilityCompany" : "PGE", 
        "StartDate" : 1791573070000, 
        "EstimatedRestoreDate" : 1791609300000, 
        "Cause" : null, 
        "ImpactedCustomers" : 2, 
        "County" : "SOLANO", 
        "OutageStatus" : "Active", 
        "OutageType" : "Not Planned", 
        "GlobalID" : "331053a3-5956-40cc-bf96-214b9b848dd8", 
        "OutageTypeColor" : "#ffaa00", 
        "OutageStatusColor" : null, 
        "IncidentId" : "374456"
      }
    }, 
    {
      "type" : "Feature", 
      "id" : 43392935, 
      "geometry" : 
      {
        "type" : "Point", 
        "coordinates" : [
          -120.17892, 37.85246
        ]
      }, 
      "properties" : {
        "OBJECTID" : 43392935, 
        "UtilityCompany" : "PGE", 
        "StartDate" : 1791573435000, 
        "EstimatedRestoreDate" : 1791593100000, 
        "Cause" : null, 
        "ImpactedCustomers" : 1, 
        "County" : "TUOLUMNE", 
        "OutageStatus" : "Active", 
        "OutageType" : "Not Planned", 
        "GlobalID" : "c1cec786-d1c7-441b-a391-7fa8b7b1a92b", 
        "OutageTypeColor" : "#ffaa00", 
        "OutageStatusColor" : null, 
        "IncidentId" : "374458"
      }
    }, 
    {
      "type" : "Feature", 
      "id" : 43392936, 
      "geometry" : 
      {
        "type" : "Point", 
        "coordinates" : [
          -122.49239, 37.67556
        ]
      }, 
      "properties" : {
        "OBJECTID" : 43392936, 
        "UtilityCompany" : "PGE", 
        "StartDate" : 1791573449000, 
        "EstimatedRestoreDate" : 1791595800000, 
        "Cause" : null, 
        "ImpactedCustomers" : 1, 
        "County" : "SAN MATEO", 
        "OutageStatus" : "Active", 
        "OutageType" : "Not Planned", 
        "GlobalID" : "3374daa0-3f7b-4970-a829-bfa45186e1aa", 
        "OutageTypeColor" : "#ffaa00", 
        "OutageStatusColor" : null, 
        "IncidentId" : "374459"
      }
    }, 
    {
      "type" : "Feature", 
      "id" : 43392937, 
      "geometry" : 
      {
        "type" : "Point", 
        "coordinates" : [
          -120.55908, 38.75981
        ]
      }, 
      "properties" : {
        "OBJECTID" : 43392937, 
        "UtilityCompany" : "PGE", 
        "StartDate" : 1791573156000, 
        "EstimatedRestoreDate" : 1791583200000, 
        "Cause" : "PLNND SHUTDOWN", 
        "ImpactedCustomers" : 3, 
        "County" : "EL DORADO", 
        "OutageStatus" : "Active", 
        "OutageType" : "Planned", 
        "GlobalID" : "ed3f6935-3816-478d-8e88-5b285c5504e0", 
        "OutageTypeColor" : "#a8a800", 
        "OutageStatusColor" : null, 
        "IncidentId" : "374461"
      }
    }, 
    {
      "type" : "Feature", 
      "id" : 43392938, 
      "geometry" : 
      {
        "type" : "Point", 
        "coordinates" : [
          -120.55876, 38.75997
        ]
      }, 
      "properties" : {
        "OBJECTID" : 43392938, 
        "UtilityCompany" : "PGE", 
        "StartDate" : 1791573176000, 
        "EstimatedRestoreDate" : 1791583200000, 
        "Cause" : "PLNND SHUTDOWN", 
        "ImpactedCustomers" : 3, 
        "County" : "EL DORADO", 
        "OutageStatus" : "Active", 
        "OutageType" : "Planned", 
        "GlobalID" : "4f713e74-cb5b-4de4-a8d5-c29444297c17", 
        "OutageTypeColor" : "#a8a800", 
        "OutageStatusColor" : null, 
        "IncidentId" : "374462"
      }
    }, 
    {
      "type" : "Feature", 
      "id" : 43392939, 
      "geometry" : 
      {
        "type" : "Point", 
        "coordinates" : [
          -122.12213, 37.6781
        ]
      }, 
      "properties" : {
        "OBJECTID" : 43392939, 
        "UtilityCompany" : "PGE", 
        "StartDate" : 1791573516000, 
        "EstimatedRestoreDate" : 1791594000000, 
        "Cause" : null, 
        "ImpactedCustomers" : 12, 
        "County" : "ALAMEDA", 
        "OutageStatus" : "Active", 
        "OutageType" : "Not Planned", 
        "GlobalID" : "db3514b2-66ad-46dc-bc2b-0cd0bc1f863f", 
        "OutageTypeColor" : "#ffaa00", 
        "OutageStatusColor" : null, 
        "IncidentId" : "374463"
      }
    }, 
    {
      "type" : "Feature", 
      "id" : 43392940, 
      "geometry" : 
      {
        "type" : "Point", 
        "coordinates" : [
          -122.33184, 37.57517
        ]
      }, 
      "properties" : {
        "OBJECTID" : 43392940, 
        "UtilityCompany" : "PGE", 
        "StartDate" : 1791574040000, 
        "EstimatedRestoreDate" : 1791589500000, 
        "Cause" : null, 
        "ImpactedCustomers" : 1, 
        "County" : "SAN MATEO", 
        "OutageStatus" : "Active", 
        "OutageType" : "Not Planned", 
        "GlobalID" : "68d17365-0cbd-426e-a1f6-f8d066a2bda2", 
        "OutageTypeColor" : "#ffaa00", 
        "OutageStatusColor" : null, 
        "IncidentId" : "374466"
      }
    }, 
    {
      "type" : "Feature", 
      "id" : 43392941, 
      "geometry" : 
      {
        "type" : "Point", 
        "coordinates" : [
          -121.8275, 38.45648
        ]
      }, 
      "properties" : {
        "OBJECTID" : 43392941, 
        "UtilityCompany" : "PGE", 
        "StartDate" : 1791574075000, 
        "EstimatedRestoreDate" : 1791600300000, 
        "Cause" : "PATROLLING", 
        "ImpactedCustomers" : 1, 
        "County" : "SOLANO", 
        "OutageStatus" : "Active", 
        "OutageType" : "Not Planned", 
        "GlobalID" : "1aa6d912-296e-43a5-8161-8499b9917620", 
        "OutageTypeColor" : "#ffaa00", 
        "OutageStatusColor" : null, 
        "IncidentId" : "374467"
      }
    }, 
    {
      "type" : "Feature", 
      "id" : 43392942, 
      "geometry" : 
      {
        "type" : "Point", 
        "coordinates" : [
          -122.49444, 37.70267
        ]
      }, 
      "properties" : {
        "OBJECTID" : 43392942, 
        "UtilityCompany" : "PGE", 
        "StartDate" : 1791574133000, 
        "EstimatedRestoreDate" : 1791598500000, 
        "Cause" : null, 
        "ImpactedCustomers" : 1, 
        "County" : "SAN MATEO", 
        "OutageStatus" : "Active", 
        "OutageType" : "Not Planned", 
        "GlobalID" : "83cee194-3bd3-4c2e-817f-e50b78ff8c44", 
        "OutageTypeColor" : "#ffaa00", 
        "OutageStatusColor" : null, 
        "IncidentId" : "374469"
      }
    }, 
    {
      "type" : "Feature", 
      "id" : 43392943, 
      "geometry" : 
      {
        "type" : "Point", 
        "coordinates" : [
          -120.07428, 36.88214
        ]
      }, 
      "properties" : {
        "OBJECTID" : 43392943, 
        "UtilityCompany" : "PGE", 
        "StartDate" : 1791574181000, 
        "EstimatedRestoreDate" : 1791592200000, 
        "Cause" : null, 
        "ImpactedCustomers" : 10, 
        "County" : "MADERA", 
        "OutageStatus" : "Active", 
        "OutageType" : "Not Planned", 
        "GlobalID" : "8bd7560e-4035-4952-b5fc-f12ee2f6fec4", 
        "OutageTypeColor" : "#ffaa00", 
        "OutageStatusColor" : null, 
        "IncidentId" : "374470"
      }
    }, 
    {
      "type" : "Feature", 
      "id" : 43392944, 
      "geometry" : 
      {
        "type" : "Point", 
        "coordinates" : [
          -123.63033, 40.9765
        ]
      }, 
      "properties" : {
        "OBJECTID" : 43392944, 
        "UtilityCompany" : "PGE", 
        "StartDate" : 1791574282000, 
        "EstimatedRestoreDate" : 1791611100000, 
        "Cause" : null, 
        "ImpactedCustomers" : 1, 
        "County" : "HUMBOLDT", 
        "OutageStatus" : "Active", 
        "OutageType" : "Not Planned", 
        "GlobalID" : "8425e41e-a0fd-4b03-b968-1bf584f68e48", 
        "OutageTypeColor" : "#ffaa00", 
        "OutageStatusColor" : null, 
        "IncidentId" : "374474"
      }
    }, 
    {
      "type" : "Feature", 
      "id" : 43392945, 
      "geometry" : 
      {
        "type" : "Point", 
        "coordinates" : [
          -122.42154, 37.7312
        ]
      }, 
      "properties" : {
        "OBJECTID" : 43392945, 
        "UtilityCompany" : "PGE", 
        "StartDate" : 1791574370000, 
        "EstimatedRestoreDate" : 1791593100000, 
        "Cause" : null, 
        "ImpactedCustomers" : 1, 
        "County" : "SAN FRANCISCO", 
        "OutageStatus" : "Active", 
        "OutageType" : "Not Planned", 
        "GlobalID" : "369ae143-df12-40e2-8895-54bf6233392a", 
        "OutageTypeColor" : "#ffaa00", 
        "OutageStatusColor" : null, 
        "IncidentId" : "374476"
      }
    }, 
    {
      "type" : "Feature", 
      "id" : 43392946, 
      "geometry" : 
      {
        "type" : "Point", 
        "coordinates" : [
          -121.71929, 36.47678
        ]
      }, 
      "properties" : {
        "OBJECTID" : 43392946, 
        "UtilityCompany" : "PGE", 
        "StartDate" : 1791574235000, 
        "EstimatedRestoreDate" : 1791595800000, 
        "Cause" : "PLNND SHUTDOWN", 
        "ImpactedCustomers" : 6, 
        "County" : "MONTEREY", 
        "OutageStatus" : "Active", 
        "OutageType" : "Planned", 
        "GlobalID" : "3333340f-9f3d-4ad5-8516-7bc3d3061efb", 
        "OutageTypeColor" : "#a8a800", 
        "OutageStatusColor" : null, 
        "IncidentId" : "374477"
      }
    }, 
    {
      "type" : "Feature", 
      "id" : 43392947, 
      "geometry" : 
      {
        "type" : "Point", 
        "coordinates" : [
          -121.72, 36.4773
        ]
      }, 
      "properties" : {
        "OBJECTID" : 43392947, 
        "UtilityCompany" : "PGE", 
        "StartDate" : 1791574288000, 
        "EstimatedRestoreDate" : 1791595800000, 
        "Cause" : "PLNND SHUTDOWN", 
        "ImpactedCustomers" : 6, 
        "County" : "MONTEREY", 
        "OutageStatus" : "Active", 
        "OutageType" : "Planned", 
        "GlobalID" : "45bcf280-b384-4c36-b34d-3082c2944889", 
        "OutageTypeColor" : "#a8a800", 
        "OutageStatusColor" : null, 
        "IncidentId" : "374479"
      }
    }, 
    {
      "type" : "Feature", 
      "id" : 43392948, 
      "geometry" : 
      {
        "type" : "Point", 
        "coordinates" : [
          -122.2916, 37.80823
        ]
      }, 
      "properties" : {
        "OBJECTID" : 43392948, 
        "UtilityCompany" : "PGE", 
        "StartDate" : 1791574802000, 
        "EstimatedRestoreDate" : 1791590400000, 
        "Cause" : null, 
        "ImpactedCustomers" : 1, 
        "County" : "ALAMEDA", 
        "OutageStatus" : "Active", 
        "OutageType" : "Not Planned", 
        "GlobalID" : "23a2bb2c-0b69-456c-b926-03d2eb367982", 
        "OutageTypeColor" : "#ffaa00", 
        "OutageStatusColor" : null, 
        "IncidentId" : "374481"
      }
    }, 
    {
      "type" : "Feature", 
      "id" : 43392949, 
      "geometry" : 
      {
        "type" : "Point", 
        "coordinates" : [
          -119.80024, 36.78262
        ]
      }, 
      "properties" : {
        "OBJECTID" : 43392949, 
        "UtilityCompany" : "PGE", 
        "StartDate" : 1791574872000, 
        "EstimatedRestoreDate" : 1791596700000, 
        "Cause" : null, 
        "ImpactedCustomers" : 1, 
        "County" : "FRESNO", 
        "OutageStatus" : "Active", 
        "OutageType" : "Not Planned", 
        "GlobalID" : "477decf1-accf-4765-af52-5f4061768441", 
        "OutageTypeColor" : "#ffaa00", 
        "OutageStatusColor" : null, 
        "IncidentId" : "374482"
      }
    }, 
    {
      "type" : "Feature", 
      "id" : 43392950, 
      "geometry" : 
      {
        "type" : "Point", 
        "coordinates" : [
          -121.86526, 36.58708
        ]
      }, 
      "properties" : {
        "OBJECTID" : 43392950, 
        "UtilityCompany" : "PGE", 
        "StartDate" : 1791574964000, 
        "EstimatedRestoreDate" : 1791587700000, 
        "Cause" : null, 
        "ImpactedCustomers" : 1, 
        "County" : "MONTEREY", 
        "OutageStatus" : "Active", 
        "OutageType" : "Not Planned", 
        "GlobalID" : "0531eb91-26dc-4b82-8a84-70718528c3cd", 
        "OutageTypeColor" : "#ffaa00", 
        "OutageStatusColor" : null, 
        "IncidentId" : "374483"
      }
    }, 
    {
      "type" : "Feature", 
      "id" : 43392951, 
      "geometry" : 
      {
        "type" : "Point", 
        "coordinates" : [
          -120.84637, 39.01525
        ]
      }, 
      "properties" : {
        "OBJECTID" : 43392951, 
        "UtilityCompany" : "PGE", 
        "StartDate" : 1791574667000, 
        "EstimatedRestoreDate" : 1791586800000, 
        "Cause" : "PLNND SHUTDOWN", 
        "ImpactedCustomers" : 2, 
        "County" : "PLACER", 
        "OutageStatus" : "Active", 
        "OutageType" : "Planned", 
        "GlobalID" : "2353a335-5fd0-4bc8-8d26-ff4b15c477d9", 
        "OutageTypeColor" : "#a8a800", 
        "OutageStatusColor" : null, 
        "IncidentId" : "374484"
      }
    }, 
    {
      "type" : "Feature", 
      "id" : 43392952, 
      "geometry" : 
      {
        "type" : "Point", 
        "coordinates" : [
          -119.87502, 36.83971
        ]
      }, 
      "properties" : {
        "OBJECTID" : 43392952, 
        "UtilityCompany" : "PGE", 
        "StartDate" : 1791575137000, 
        "EstimatedRestoreDate" : 1791588600000, 
        "Cause" : null, 
        "ImpactedCustomers" : 1, 
        "County" : "FRESNO", 
        "OutageStatus" : "Active", 
        "OutageType" : "Not Planned", 
        "GlobalID" : "8f9c5d12-498d-40d3-982c-e7ddc982cd74", 
        "OutageTypeColor" : "#ffaa00", 
        "OutageStatusColor" : null, 
        "IncidentId" : "374485"
      }
    }, 
    {
      "type" : "Feature", 
      "id" : 43392953, 
      "geometry" : 
      {
        "type" : "Point", 
        "coordinates" : [
          -121.83341, 37.33345
        ]
      }, 
      "properties" : {
        "OBJECTID" : 43392953, 
        "UtilityCompany" : "PGE", 
        "StartDate" : 1791575231000, 
        "EstimatedRestoreDate" : 1791594900000, 
        "Cause" : null, 
        "ImpactedCustomers" : 1, 
        "County" : "SANTA CLARA", 
        "OutageStatus" : "Active", 
        "OutageType" : "Not Planned", 
        "GlobalID" : "7c33f0d9-6fc5-4294-94f5-570d5d9921c9", 
        "OutageTypeColor" : "#ffaa00", 
        "OutageStatusColor" : null, 
        "IncidentId" : "374486"
      }
    }, 
    {
      "type" : "Feature", 
      "id" : 43392954, 
      "geometry" : 
      {
        "type" : "Point", 
        "coordinates" : [
          -122.49836, 37.77763
        ]
      }, 
      "properties" : {
        "OBJECTID" : 43392954, 
        "UtilityCompany" : "PGE", 
        "StartDate" : 1791575262000, 
        "EstimatedRestoreDate" : 1791596700000, 
        "Cause" : null, 
        "ImpactedCustomers" : 1, 
        "County" : "SAN FRANCISCO", 
        "OutageStatus" : "Active", 
        "OutageType" : "Not Planned", 
        "GlobalID" : "560cd61a-8b08-4c2d-a09e-2d89f6812642", 
        "OutageTypeColor" : "#ffaa00", 
        "OutageStatusColor" : null, 
        "IncidentId" : "374487"
      }
    }, 
    {
      "type" : "Feature", 
      "id" : 43392955, 
      "geometry" : 
      {
        "type" : "Point", 
        "coordinates" : [
          -121.28958, 37.93939
        ]
      }, 
      "properties" : {
        "OBJECTID" : 43392955, 
        "UtilityCompany" : "PGE", 
        "StartDate" : 1791575367000, 
        "EstimatedRestoreDate" : null, 
        "Cause" : null, 
        "ImpactedCustomers" : 1, 
        "County" : "SAN JOAQUIN", 
        "OutageStatus" : "Active", 
        "OutageType" : "Not Planned", 
        "GlobalID" : "81919bfa-fbb4-4341-a65e-b460f5acddb9", 
        "OutageTypeColor" : "#ffaa00", 
        "OutageStatusColor" : null, 
        "IncidentId" : "374488"
      }
    }, 
    {
      "type" : "Feature", 
      "id" : 43392956, 
      "geometry" : 
      {
        "type" : "Point", 
        "coordinates" : [
          -121.99651, 37.23997
        ]
      }, 
      "properties" : {
        "OBJECTID" : 43392956, 
        "UtilityCompany" : "PGE", 
        "StartDate" : 1791575280000, 
        "EstimatedRestoreDate" : null, 
        "Cause" : null, 
        "ImpactedCustomers" : 575, 
        "County" : "SANTA CLARA", 
        "OutageStatus" : "Active", 
        "OutageType" : "Not Planned", 
        "GlobalID" : "9c55b051-f372-456f-9d51-29c84c639c41", 
        "OutageTypeColor" : "#ffaa00", 
        "OutageStatusColor" : null, 
        "IncidentId" : "374490"
      }
    }, 
    {
      "type" : "Feature", 
      "id" : 43392957, 
      "geometry" : 
      {
        "type" : "Point", 
        "coordinates" : [
          -122.19858, 37.40357
        ]
      }, 
      "properties" : {
        "OBJECTID" : 43392957, 
        "UtilityCompany" : "PGE", 
        "StartDate" : 1791575431000, 
        "EstimatedRestoreDate" : null, 
        "Cause" : null, 
        "ImpactedCustomers" : 1, 
        "County" : "SAN MATEO", 
        "OutageStatus" : "Active", 
        "OutageType" : "Not Planned", 
        "GlobalID" : "3f2cb4f6-54b1-44a3-90b7-7ad1de348d67", 
        "OutageTypeColor" : "#ffaa00", 
        "OutageStatusColor" : null, 
        "IncidentId" : "374491"
      }
    }, 
    {
      "type" : "Feature", 
      "id" : 43392958, 
      "geometry" : 
      {
        "type" : "Point", 
        "coordinates" : [
          -120.49572, 37.32122
        ]
      }, 
      "properties" : {
        "OBJECTID" : 43392958, 
        "UtilityCompany" : "PGE", 
        "StartDate" : 1791575852000, 
        "EstimatedRestoreDate" : null, 
        "Cause" : null, 
        "ImpactedCustomers" : 1, 
        "County" : "MERCED", 
        "OutageStatus" : "Active", 
        "OutageType" : "Not Planned", 
        "GlobalID" : "17cc9497-1b09-4df0-bed6-7715c3c57419", 
        "OutageTypeColor" : "#ffaa00", 
        "OutageStatusColor" : null, 
        "IncidentId" : "374494"
      }
    }, 
    {
      "type" : "Feature", 
      "id" : 43392959, 
      "geometry" : 
      {
        "type" : "Point", 
        "coordinates" : [
          -122.16987, 37.46067
        ]
      }, 
      "properties" : {
        "OBJECTID" : 43392959, 
        "UtilityCompany" : "PGE", 
        "StartDate" : 1791575905000, 
        "EstimatedRestoreDate" : null, 
        "Cause" : null, 
        "ImpactedCustomers" : 7, 
        "County" : "SAN MATEO", 
        "OutageStatus" : "Active", 
        "OutageType" : "Not Planned", 
        "GlobalID" : "ab4e1db0-31ab-4236-a03e-6a9cac8b1bfd", 
        "OutageTypeColor" : "#ffaa00", 
        "OutageStatusColor" : null, 
        "IncidentId" : "374495"
      }
    }, 
    {
      "type" : "Feature", 
      "id" : 43392960, 
      "geometry" : 
      {
        "type" : "Point", 
        "coordinates" : [
          -122.16681, 37.4635
        ]
      }, 
      "properties" : {
        "OBJECTID" : 43392960, 
        "UtilityCompany" : "PGE", 
        "StartDate" : 1791575640000, 
        "EstimatedRestoreDate" : null, 
        "Cause" : null, 
        "ImpactedCustomers" : 10, 
        "County" : "SAN MATEO", 
        "OutageStatus" : "Active", 
        "OutageType" : "Not Planned", 
        "GlobalID" : "31f100c3-cf58-4a1d-937a-7adf5640a377", 
        "OutageTypeColor" : "#ffaa00", 
        "OutageStatusColor" : null, 
        "IncidentId" : "374496"
      }
    }, 
    {
      "type" : "Feature", 
      "id" : 43392961, 
      "geometry" : 
      {
        "type" : "Point", 
        "coordinates" : [
          -122.02013, 37.04941
        ]
      }, 
      "properties" : {
        "OBJECTID" : 43392961, 
        "UtilityCompany" : "PGE", 
        "StartDate" : 1791576059000, 
        "EstimatedRestoreDate" : null, 
        "Cause" : null, 
        "ImpactedCustomers" : 1, 
        "County" : "SANTA CRUZ", 
        "OutageStatus" : "Active", 
        "OutageType" : "Not Planned", 
        "GlobalID" : "778617c8-642d-477e-afae-2eeebbabde59", 
        "OutageTypeColor" : "#ffaa00", 
        "OutageStatusColor" : null, 
        "IncidentId" : "374497"
      }
    }, 
    {
      "type" : "Feature", 
      "id" : 43392962, 
      "geometry" : 
      {
        "type" : "Point", 
        "coordinates" : [
          -122.34225, 40.71006
        ]
      }, 
      "properties" : {
        "OBJECTID" : 43392962, 
        "UtilityCompany" : "PGE", 
        "StartDate" : 1791576100000, 
        "EstimatedRestoreDate" : null, 
        "Cause" : null, 
        "ImpactedCustomers" : 1, 
        "County" : "SHASTA", 
        "OutageStatus" : "Active", 
        "OutageType" : "Not Planned", 
        "GlobalID" : "618c1688-a76a-4ffc-84fa-7b7c33d2d253", 
        "OutageTypeColor" : "#ffaa00", 
        "OutageStatusColor" : null, 
        "IncidentId" : "374498"
      }
    }, 
    {
      "type" : "Feature", 
      "id" : 43392963, 
      "geometry" : 
      {
        "type" : "Point", 
        "coordinates" : [
          -120.63738, 35.14724
        ]
      }, 
      "properties" : {
        "OBJECTID" : 43392963, 
        "UtilityCompany" : "PGE", 
        "StartDate" : 1791576120000, 
        "EstimatedRestoreDate" : 1791583200000, 
        "Cause" : "PLNND SHUTDOWN", 
        "ImpactedCustomers" : 2, 
        "County" : "SAN LUIS OBISPO", 
        "OutageStatus" : "Active", 
        "OutageType" : "Planned", 
        "GlobalID" : "895cd278-9119-4d07-9e15-85b2e6b5e5c5", 
        "OutageTypeColor" : "#a8a800", 
        "OutageStatusColor" : null, 
        "IncidentId" : "374499"
      }
    }
  ]
}